Symbol,Series,ClosePrice,TodayVolume,ValueTraded,2026-07-22
20MICRONS,EQ,211.15,201717,42238667.86
21STCENMGM,EQ,35.68,2373,84147.51
360ONE,EQ,1093.60,913719,1006138800.00
GOLD360,EQ,140.45,7489,1052256.25
MSCI360,EQ,10.01,3128,31356.33
SILVER360,EQ,219.74,9513,2093399.20
3BBLACKBIO,EQ,1289.60,9511,12187228.80
3IINFOLTD,EQ,19.97,2164128,42584636.35
3MINDIA,EQ,35725.00,5695,202686670.00
3PLAND,EQ,31.85,2774,87683.10
5PAISA,EQ,369.95,49320,18349039.65
63MOONS,EQ,704.90,184961,131980727.85
ABCOTS,EQ,204.15,33436,6903721.52
ABINFRA,EQ,10.20,367247,3743923.48
ABMKNO,EQ,192.86,2261,437603.98
ACSTECH,EQ,40.60,90132,3634830.30
AKCAPIT,EQ,1785.50,3845,6862704.50
A2ZINFRA,EQ,12.56,175020,2246917.78
AAATECH,EQ,90.58,4124,374182.70
AADHARHFC,EQ,510.25,630925,320512709.75
AAKASH,EQ,9.09,328603,3053375.63
AARNAV,EQ,28.91,52300,1535668.97
AARON,EQ,117.48,9275,1089198.21
AARTIDRUGS,EQ,412.00,311603,129146109.50
AARTIIND,EQ,495.95,875805,432078417.40
AARTIPHARM,EQ,672.70,244021,166200216.40
AARTISURF,EQ,388.20,6823,2664376.45
AARVI,EQ,161.75,55117,8898459.18
AASTHA,EQ,103.24,18345174,2105288159.56
AAVAS,EQ,1444.00,487839,711039077.10
AFSL,EQ,201.47,3618,728321.21
ABB,EQ,7506.00,212131,1602261751.00
ABBOTINDIA,EQ,28900.00,21902,628040765.00
ABMINTLLTD,EQ,42.74,7117,316551.72
ACC,EQ,1359.00,104453,142285086.40
ACCELYA,EQ,1128.10,8151,9242344.90
ACEINTEG,EQ,19.16,3606,69396.82
ACMESOLAR,EQ,369.60,678714,250260112.70
ACE,EQ,1007.60,594830,611605089.00
ACUTAAS,EQ,3659.60,161629,590947580.40
ADANIENSOL,EQ,1724.40,2410451,4185392709.80
ADANIENT,EQ,3147.70,977224,3096162532.20
ADANIGREEN,EQ,1472.30,3809107,5715594501.60
ADANIPORTS,EQ,1819.40,1436881,2627220110.70
ADANIPOWER,EQ,216.95,45613497,9943642951.94
ATGL,EQ,681.60,2120537,1456735773.25
ADFFOODS,EQ,299.90,79498,23741978.50
ABSLAMC,EQ,1002.90,1218591,1216803126.60
ABCAPITAL,EQ,400.60,4736082,1918645089.00
ABFRL,EQ,57.05,3015586,171570026.90
ABLBL,EQ,93.81,329419,30922068.58
BIRLAMONEY,EQ,134.81,73376,9794529.93
ABREL,EQ,1408.60,87321,123612999.50
CPPLUS,EQ,3446.30,164064,566552599.70
AVL,EQ,635.35,96378,60947974.80
BSLGOLDETF,EQ,126.56,3070190,388407124.90
BSLNIFTY,EQ,28.15,881419,24802556.43
ADOR,EQ,1477.90,292167,448188832.30
ADROITINFO,EQ,9.20,5112,46812.46
ADVAIT,EQ,2296.20,83033,192126859.20
ADVANCE,EQ,111.77,297520,33364615.57
ADVENZYMES,EQ,313.05,181585,57419791.30
ADVANIHOTR,EQ,52.17,20217,1048380.02
ADVENTHTL,EQ,144.11,46368,6701401.05
RAMBHAJO,EQ,204.63,274583,55908486.79
AEGISLOG,EQ,1351.30,1774539,2392420388.60
AEGISVOPAK,EQ,295.66,4359357,1291123891.57
AEQUS,EQ,232.74,2164509,505704118.48
AEROENTER,EQ,116.48,277453,32479783.54
AEROFLEX,EQ,407.10,818242,335514732.50
AERONEU,EQ,85.97,47171,4167116.33
AETHER,EQ,1462.80,181794,265921379.70
AFCONS,EQ,289.95,2188729,628724756.90
AFFLE,EQ,1499.00,101469,153253540.70
AGARIND,EQ,480.75,28293,13704360.70
AGI,EQ,666.10,72123,48359300.40
AGIIL,EQ,322.85,3214841,1049018011.25
AGROPHOS,EQ,29.46,1533,45369.67
AHLADA,EQ,38.08,10917,415453.99
AHLUCONT,EQ,822.95,22885,18963520.15
AIAENG,EQ,4626.50,38515,177636331.00
AIRAN,EQ,15.22,15275,233644.76
AIROLAM,EQ,87.24,1371,119463.69
AJANTPHARM,EQ,3458.90,97050,337332078.80
AJAXENGG,EQ,575.35,37752,21956932.55
AJMERA,EQ,124.30,204623,25466885.90
AJOONI,EQ,4.04,240440,987130.86
AKASH,EQ,26.95,5852,157806.93
AKG,EQ,9.41,25637,240413.84
AKI,EQ,4.50,54456,249281.93
AFIL,EQ,9.41,1063331,10073067.33
AKSHAR,EQ,0.42,311232,132572.98
AKUMS,EQ,696.35,282477,194740157.85
ALANKIT,EQ,7.93,63272,502591.10
ALBERTDAVD,EQ,687.50,1652,1141882.45
ALEMBICLTD,EQ,88.59,159288,14139103.90
APLLTD,EQ,812.20,57507,46904397.10
ALGOQUANT,EQ,66.82,1351658,89486412.40
ALICON,EQ,647.85,39671,25809530.30
ALIVUS,EQ,1138.40,55715,63331513.10
ALKEM,EQ,5585.00,109986,612943776.00
ALKYLAMINE,EQ,1823.40,67741,123114793.80
ALLTIME,EQ,231.43,68714,16000568.00
AGL,EQ,13.20,3521518,46531671.54
ALLCARGO,EQ,8.05,4355975,35464935.54
ATL,EQ,23.23,96799,2259461.74
ALLDIGI,EQ,854.20,4011,3377259.05
ABDL,EQ,615.70,260401,161061747.65
ADSL,EQ,116.85,105225,12290342.77
ALMONDZ,EQ,13.00,23168,301358.14
ALOKINDS,EQ,12.04,4984192,60504226.47
ALPA,EQ,66.62,7422,497002.86
ALPHAGEO,EQ,198.25,3386,678328.54
AMAGI,EQ,611.85,763408,461058450.00
ARE&M,EQ,902.15,538278,486352461.90
AMBALALSA,EQ,31.06,28550,885485.97
AMBER,EQ,7479.00,230369,1736459320.00
AMBICAAGAR,EQ,24.68,2129,52461.06
AMBIKCO,EQ,1709.70,4286,7329445.30
AMBUJACEM,EQ,430.80,1257009,543732982.05
AMDIND,EQ,46.83,20296,947606.33
AMNPLST,EQ,194.22,13603,2708835.03
AEROPLANE,EQ,183.93,323436,59411422.57
AMJLAND,EQ,36.99,1562,58049.50
AMRUTANJAN,EQ,529.10,28728,15281532.05
ARSSBL,EQ,517.60,120760,62806830.50
ANANDRATHI,EQ,2079.70,214458,447031558.90
ANANTRAJ,EQ,616.35,7842106,4843731492.25
ACL,EQ,48.70,4324,211007.93
ANDHRAPAP,EQ,60.37,1208574,72813154.05
ANDHRSUGAR,EQ,84.13,182853,15221586.65
ANGELONE,EQ,312.40,7825074,2462150137.75
APCL,EQ,104.84,2918,304752.05
AHCL,EQ,14.87,2173862,32497770.68
ANMOL,EQ,10.09,136276,1374849.91
ANTGRAPHIC,EQ,0.75,205720,157813.13
ANTELOPUS,EQ,881.20,179994,158531133.70
ANTHEM,EQ,778.90,4415918,3403526031.80
AWHCL,EQ,437.70,79691,34982881.40
ANUHPHR,EQ,80.66,48904,3911562.94
ANURAS,EQ,1251.20,139009,174829696.40
AONEGOLD,EQ,13.44,332497,4472901.13
AONELIQUID,EQ,1069.22,18840,20144207.76
AONENIFTY,EQ,9.91,94754,939544.04
AONESILVER,EQ,8.51,320006,2735569.87
AONETMMQ50,EQ,10.09,86979,878094.70
AONETOTAL,EQ,11.79,189245,2238151.02
APARINDS,EQ,13630.00,59083,808674641.00
APCOTEXIND,EQ,555.10,106623,59816184.65
APEX,EQ,392.15,94622,37226290.80
APLAPOLLO,EQ,1822.90,340199,617651170.80
APOLLOHOSP,EQ,8938.00,158324,1411741970.50
APOLLO,EQ,404.90,13696045,5488425096.00
APOLLOPIPE,EQ,490.80,42192,20612048.20
APOLSINHOT,EQ,1196.60,1013,1217461.60
APOLLOTYRE,EQ,426.60,265484,112987320.25
APTUS,EQ,294.65,527810,156619401.35
AQYLON,EQ,29.07,887280,25767739.82
ACI,EQ,562.50,277766,158752639.75
ADL,EQ,71.87,1025,72578.22
ARCHIDPLY,EQ,78.92,6185,491671.99
ARCHIES,EQ,13.77,27482,379222.66
ARFIN,EQ,88.60,2449530,213014979.12
ARIES,EQ,340.00,12185,4152787.95
ARIHANTCAP,EQ,77.13,287169,22312462.83
ARIHANT,EQ,907.85,6562,6032668.30
ARIHANTSUP,EQ,259.15,16491,4287635.05
ARIS,EQ,118.19,689045,82314734.67
ARKADE,EQ,140.40,518816,72142477.76
ARMANFIN,EQ,1936.60,19175,37268764.30
AROGRANITE,EQ,24.74,1683,41757.04
ARTNIRMAN,EQ,38.85,764,29754.12
AEPL,EQ,14.97,68158,1044018.23
ARTEMISMED,EQ,273.45,135946,37422618.60
ARVEE,EQ,155.18,767,119308.37
ARVINDFASN,EQ,474.95,991956,470518836.20
ARVIND,EQ,522.35,310560,162605140.20
ARVSMART,EQ,600.00,55556,33039418.50
ASAHIINDIA,EQ,886.50,21844,19431585.35
ASAHISONG,EQ,299.40,181522,53929987.25
ASHAPURMIN,EQ,676.70,249497,168019371.10
ASHIANA,EQ,382.35,561777,221390603.65
ASHIKA,EQ,396.85,228033,90591908.25
ASHIMASYN,EQ,17.90,546689,9937718.57
ASHOKLEY,EQ,152.49,8774983,1339177641.38
ASHOKA,EQ,122.45,482756,59070203.22
ASHOKAMET,EQ,14.11,8886,126129.79
ASIANENE,EQ,350.65,178482,62864729.85
ASIANTILES,EQ,43.42,2392757,103394608.59
AHLEAST,EQ,149.18,1957,293292.08
ASIANHOTNR,EQ,308.60,28791,8818237.65
ASIANPAINT,EQ,2692.80,528096,1417722249.30
ASTAR,EQ,619.90,11,6771.45
ASKAUTOLTD,EQ,485.30,564110,275860461.50
ASPINWALL,EQ,251.26,1319,334114.32
ASALCBR,EQ,784.30,26446,20915415.75
ASTEC,EQ,672.75,9963,6688073.70
ASTERDM,EQ,799.50,396292,316908985.95
ASTRAMICRO,EQ,1757.10,226518,397200036.50
ASTRAL,EQ,1430.80,716968,1023726364.60
ASTRAZEN,EQ,8031.00,3136,25123089.50
ATALREAL,EQ,30.28,7819400,237212119.20
ATAM,EQ,67.22,3303,221247.84
ATHERENERG,EQ,1268.20,2691508,3472234974.00
ATLANTAELE,EQ,1614.10,297963,481684345.90
ATLANTAA,EQ,36.75,62126,2296531.68
ATLASCYCLE,EQ,98.43,4288,426548.29
ATULAUTO,EQ,478.95,46532,22437169.45
ATUL,EQ,6137.50,34353,209848236.50
AUBANK,EQ,980.20,1427212,1403311476.70
AURIONPRO,EQ,827.15,51315,42473932.40
AUROPHARMA,EQ,1533.60,2357447,3614435224.30
AURUM,EQ,227.84,162393,37006885.92
AURUS,EQ,4.92,33926,167102.24
AIIL,EQ,542.30,1320386,743231125.35
AUTOAXLES,EQ,1820.10,4915,8955120.40
ASAL,EQ,546.45,42154,23112400.05
AVALON,EQ,1743.70,429216,763351763.70
AVANTEL,EQ,164.77,2197364,365244433.74
AVANTIFEED,EQ,992.95,377543,373004606.20
DMART,EQ,4000.50,324607,1296206868.90
CCAVENUE,EQ,16.74,7798854,130904154.68
AVONMORE,EQ,9.70,88917,869049.70
AVROIND,EQ,8.89,110825,991785.51
AVTNPL,EQ,69.58,23454,1627847.62
AWFIS,EQ,284.10,142975,40831351.35
AWL,EQ,189.90,1461479,278498248.63
AXISBANK,EQ,1238.40,8358923,10358229866.80
BNKETFAXIS,EQ,589.30,921,542816.46
CONSUMAXIS,EQ,121.19,903,109457.70
GOLDAXIS,EQ,120.35,2574864,309796580.31
HEALTHAXIS,EQ,166.10,10501,1744305.18
ITAXIS,EQ,315.48,31085,9808440.76
NIFTYAXIS,EQ,265.70,5453,1449553.31
SENSEXAXIS,EQ,79.52,1954,155374.82
SILVERAXIS,EQ,221.60,118277,26290881.63
VALUEAXIS,EQ,32.79,82514,2710372.39
AXISCADES,EQ,1546.00,51972,81189392.10
AXITA,EQ,7.36,600743,4448965.48
AYE,EQ,177.22,6039662,1096027375.96
AYMSYNTEX,EQ,236.95,24705,5818874.95
AZAD,EQ,2326.70,300733,703275742.80
BBTCL,EQ,212.82,739,157918.93
BAGFILMS,EQ,4.49,37723,168984.75
BLKASHYAP,EQ,54.82,331177,18287060.20
BAIDFIN,EQ,9.85,34484,340121.38
BAJAJ-AUTO,EQ,10998.50,1448948,15681459312.00
BAJAJCON,EQ,529.60,601638,317796799.05
BAJAJELEC,EQ,330.15,83341,27413147.45
BAJFINANCE,EQ,1060.30,6757716,7171323094.80
BAJAJFINSV,EQ,1876.40,1023902,1925035401.70
BAJAJHCARE,EQ,323.30,1661439,548978166.70
BAJAJHIND,EQ,17.03,2657684,45434780.93
BAJAJHLDNG,EQ,10425.00,41630,434658570.00
BAJAJHFL,EQ,85.46,1835325,156797391.89
BAJAJST,EQ,393.05,4485,1763875.60
BAJEL,EQ,184.57,1772046,322736208.51
BALPHARMA,EQ,87.73,21408,1882940.10
BALAMINES,EQ,2380.30,213498,507690050.40
BALAJITELE,EQ,85.07,84653,7268118.58
BALKRISIND,EQ,2014.70,260388,522129264.10
BALKRISHNA,EQ,17.53,5694,99841.48
BALMLAWRIE,EQ,176.50,103929,18378257.52
BLIL,EQ,70.00,26748,1875763.49
BALRAMCHIN,EQ,624.75,455682,283046345.00
BALUFORGE,EQ,428.10,339456,146654801.55
BANARBEADS,EQ,111.04,8093,919351.00
BANCOINDIA,EQ,635.20,125553,80155623.60
BANDHANBNK,EQ,173.50,156943419,28012634087.65
GOLDBND,EQ,144.21,11378,1640261.15
IDFNIFTYET,EQ,265.13,53,14047.11
SILVERBND,EQ,223.60,9901,2215647.78
BANG,EQ,28.55,9221,264208.01
BANKBARODA,EQ,245.75,8257873,2028662562.80
BANKINDIA,EQ,143.99,9684026,1392275037.94
MAHABANK,EQ,79.17,11928863,949584725.14
BANARISUG,EQ,3476.60,41,142539.60
BANSALWIRE,EQ,315.00,1362831,442954977.40
BANSWRAS,EQ,130.51,51637,6769608.04
BVCL,EQ,41.34,13278,548764.95
BBNPNBETF,EQ,57.70,542,31291.35
BBNPPGOLD,EQ,140.00,94463,13223730.00
BASF,EQ,3764.80,18798,70934894.00
BATAINDIA,EQ,694.40,113889,79043997.15
BATLIBOI,EQ,88.25,61763,5466698.64
BAYERCROP,EQ,4286.10,25083,108014311.70
BCLIND,EQ,34.87,930708,32624346.76
BCPL,EQ,69.80,16462,1146011.84
BEARDSELL,EQ,27.44,8271,227267.08
BEDMUTHA,EQ,108.90,927,100889.72
BEEKAY,EQ,401.05,220,88283.20
BELLACASA,EQ,239.20,12080,2888162.65
BELRISE,EQ,232.30,5002956,1157782626.58
BLAL,EQ,177.94,13353,2382280.63
BEML,EQ,1736.50,123015,215311503.20
BENGALASM,EQ,6207.50,169,1049549.50
BERGEPAINT,EQ,496.45,137867,68846422.25
BESTAGRO,EQ,15.19,154030,2358178.96
BETA,EQ,2314.70,63720,149412097.80
BFINVEST,EQ,457.80,57836,26617542.45
BFUTILITIE,EQ,586.10,88513,52649318.55
BANK10BETF,EQ,20.95,1410,29628.47
BANKBETF,EQ,58.09,17102,994940.32
LIQUIDBETF,EQ,1091.25,138662,151315199.89
NIFTYBETF,EQ,246.23,1741,429716.14
BHAGCHEM,EQ,263.85,56240,14977745.25
BEPL,EQ,120.06,18102387,2197800500.39
BBL,EQ,2553.90,43390,112202612.80
BHARATCOAL,EQ,34.92,32828164,1151242841.91
BDL,EQ,1249.50,615605,773638561.10
BEL,EQ,406.75,6665967,2714852355.50
BHARATFORG,EQ,2185.50,796312,1746416883.60
BPCL,EQ,314.00,9784696,3096976728.35
BHARATRAS,EQ,1282.30,12434,16077824.80
BRNL,EQ,17.38,19655,341595.50
BHARATSE,EQ,219.02,262021,58073690.13
BHARATWIRE,EQ,195.30,129525,25466444.23
BHARTIARTL,EQ,1949.00,6589708,12824553909.40
BHARTIHEXA,EQ,1635.20,40608,66445835.20
BIL,EQ,741.35,2877,2122356.15
BHEL,EQ,416.45,11711567,4882212976.25
BIGBLOC,EQ,47.01,39163,1843647.36
BIKAJI,EQ,636.25,43634,27839548.05
BI,EQ,60.62,3889,236404.52
GROWW,EQ,203.90,19930780,4067906640.20
BIMETAL,EQ,650.30,162,105714.80
BIOCON,EQ,437.95,6102889,2659304305.05
BIOFILCHEM,EQ,33.43,1604,53606.75
BIRLACORPN,EQ,993.20,74836,74617354.65
BIRLAPREC,EQ,34.55,41671,1444489.69
BIRLANU,EQ,1341.20,9288,12509421.70
ABSL10BANK,EQ,170.68,43250,7367762.00
ABSLBANETF,EQ,58.67,54654,3205716.83
ABSLLIQUID,EQ,999.99,13262,13262002.46
ABSLMSCIN,EQ,29.31,4466,130943.28
ABSLNN50ET,EQ,75.97,5141,391339.13
BSLSENETFG,EQ,77.39,5243,405574.87
GSEC10ABSL,EQ,113.30,22150,2502980.37
HEALTHY,EQ,16.83,256872,4313232.62
MOMENTUM,EQ,30.93,36166,1120357.18
NIFTYQLITY,EQ,21.12,22534,475855.72
SILVER,EQ,222.49,538877,120272586.97
TECH,EQ,31.40,282935,8886174.49
ABSLPSE,EQ,10.38,71917,746014.39
BSOFT,EQ,282.55,635447,180514774.75
BBOX,EQ,780.90,719374,564703680.00
BLACKBUCK,EQ,558.90,201594,113268112.15
BLBLIMITED,EQ,15.67,33532,530689.06
BLSE,EQ,260.09,209984,55404696.94
BLS,EQ,230.60,1046618,241632432.60
BLUEDART,EQ,4811.70,6269,30239163.50
BLUEJET,EQ,585.40,585591,339469812.55
BLUESTARCO,EQ,1660.70,135607,226668281.30
BLUESTONE,EQ,776.05,29503987,23470043689.50
BLUSPRING,EQ,108.05,228027,24822625.25
BMWVENTLTD,EQ,56.68,61491,3499922.98
BTML,EQ,6.00,65481,394876.51
BOHRAIND,EQ,13.08,35549,465984.30
BBTC,EQ,1496.60,20723,30862742.50
BOMDYEING,EQ,120.42,322395,39010970.72
BONLON,EQ,42.21,5320,224020.92
BORANA,EQ,327.25,11364,3692952.65
BOROLTD,EQ,237.45,55129,13035923.86
BORORENEW,EQ,592.05,408146,241573015.25
BOROSCI,EQ,156.99,84208,13315860.01
BOSCH-HCIL,EQ,1320.20,16205,21477936.00
BOSCHLTD,EQ,41560.00,15755,650325385.00
BPL,EQ,54.24,25494,1392474.76
FIRSTCRY,EQ,207.03,377332,78297490.77
BCONCEPTS,EQ,187.91,10860,2030587.49
BRIGADE,EQ,545.20,263178,144579918.45
BRIGHOTEL,EQ,60.60,63975,3912136.38
BCG,EQ,9.50,2923669,27842336.04
BRITANNIA,EQ,5485.50,156506,858566501.50
BSE,EQ,3632.20,1588231,5783016387.30
BSL,EQ,125.10,4895,616151.43
BUTTERFLY,EQ,759.95,22806,17235051.35
MAPMYINDIA,EQ,1044.40,297608,311272644.40
CTE,EQ,32.38,50795,1634996.72
CAMLINFINE,EQ,121.44,607765,73890886.94
CAMPUS,EQ,221.34,835491,184391729.47
CANFINHOME,EQ,819.80,567698,466663020.75
CANBK,EQ,126.46,13596346,1717980036.23
CANHLIFE,EQ,151.42,1575165,242240807.74
CRAMC,EQ,266.81,30946288,8685739331.43
CANTABIL,EQ,248.49,51880,12922930.83
CAPACITE,EQ,217.05,298726,65436899.55
CAPILLARY,EQ,480.00,12723,6077678.00
CIFL,EQ,20.91,12241,257640.36
CAPITALSFB,EQ,300.70,48156,14443973.80
CAPTRUST,EQ,15.40,47542,731024.87
CAPLIPOINT,EQ,2480.60,193914,485610320.70
CGCL,EQ,244.00,2253336,550399811.56
CARBORUNIV,EQ,1068.90,89071,96151010.60
CARERATING,EQ,1674.50,36794,61092156.90
CPEDU,EQ,188.32,2787,522376.96
CARRARO,EQ,544.30,88727,48213525.70
CARTRADE,EQ,2809.70,303522,847871052.00
CARYSIL,EQ,1150.80,36821,42518866.20
CASTROLIND,EQ,185.78,1498978,277721551.75
CCL,EQ,1203.20,81454,98169878.00
CEATLTD,EQ,3345.50,117402,394645249.70
CEIGALL,EQ,339.10,245520,83186702.10
CEINSYS,EQ,869.75,29753,25963715.00
CELEBRITY,EQ,7.14,146435,1082306.24
CELLO,EQ,349.15,375996,132416852.95
CEMPRO,EQ,1596.60,732933,1155569248.70
CENTRALBK,EQ,31.18,10035685,315091365.29
CDSL,EQ,1339.70,1408948,1888338684.90
CMPDI,EQ,259.21,3913345,1031695566.80
CENTRUM,EQ,23.20,160747,3746712.84
CENTUM,EQ,3610.30,44569,162774343.90
CENTENKA,EQ,558.65,71019,38920106.30
CENTEXT,EQ,18.89,52249,984819.87
CENTURYPLY,EQ,782.95,15849,12466686.55
CERA,EQ,6105.50,4735,29093915.50
CESC,EQ,164.44,446044,73471749.82
CGPOWER,EQ,912.85,2122173,1948609775.50
CHALET,EQ,822.45,46365,38271585.40
CLSEL,EQ,281.85,42637,11871070.65
CHAMBLFERT,EQ,435.75,241623,105442701.00
CHEMPLASTS,EQ,196.61,131836,25879434.72
CHENNPETRO,EQ,1307.80,2966118,3855893771.00
CHEVIOT,EQ,1140.30,1062,1208965.40
CHOICEIN,EQ,809.20,265096,214571334.90
CHOICEGOLD,EQ,143.01,5397,769745.41
CHOLAHLDNG,EQ,1527.10,107860,164764615.70
CHOLAFIN,EQ,1728.00,923087,1603048985.70
CIEINDIA,EQ,472.50,223736,105454526.65
CINELINE,EQ,78.19,8434,657502.42
CINEVISTA,EQ,15.46,17380,267350.98
CIPLA,EQ,1415.10,1722239,2428622116.90
CUB,EQ,223.53,1247485,280200464.46
CLEANMAX,EQ,1370.80,126160,173244090.90
CLEAN,EQ,737.85,156349,115722815.90
CMRGREEN,EQ,218.10,553976,120495922.20
CMSINFO,EQ,272.90,363174,99651614.05
COALINDIA,EQ,428.40,5625202,2412739245.50
COASTCORP,EQ,50.76,53364,2732258.91
COCHINSHIP,EQ,1367.70,1267753,1750505956.70
COFORGE,EQ,1471.40,1016082,1501825129.40
COHANCE,EQ,438.10,561762,245336338.35
COLPAL,EQ,2107.10,248087,519552659.30
COMFINTE,EQ,5.48,71625,391208.02
COMSYN,EQ,181.88,227807,42317177.08
COMPUSOFT,EQ,13.16,17181,227203.54
CAMS,EQ,773.00,964386,743408577.10
CONCORDBIO,EQ,1283.60,91638,117802729.30
CEWATER,EQ,300.30,74271,22421464.75
CONFIPET,EQ,74.76,875846,65500987.00
CCCL,EQ,16.01,182129,2928362.62
CONSOFINVT,EQ,290.91,85070,24478881.05
CONCOR,EQ,481.40,905534,436446747.25
CONTROLPR,EQ,656.80,93801,61296404.05
CORALFINAC,EQ,31.69,103130,3237883.41
COROMANDEL,EQ,2039.30,59854,121551492.60
CORONA,EQ,2042.70,18227,37401531.10
COSMOFIRST,EQ,865.45,263890,224804292.05
CCHHL,EQ,12.74,9915,126059.35
COUNCODOS,EQ,6.55,342148,2243189.19
CPSEETF,EQ,96.76,435201,42066850.51
CRAFTSMAN,EQ,9400.00,46412,434650369.50
CREATIVEYE,EQ,6.05,1775,10623.38
CNL,EQ,909.55,28220,26124045.40
CREDITACC,EQ,1488.90,220731,330445309.40
MUFTI,EQ,83.62,57047,4787348.22
CREST,EQ,376.25,3746,1406710.35
CRISIL,EQ,4495.20,461923,2058954610.80
CRIZAC,EQ,185.50,257652,47991995.52
CROMPTON,EQ,255.70,3784342,961875868.60
CROWN,EQ,115.89,16964,1997022.94
CSBBANK,EQ,345.30,3734150,1305106352.00
CSLFINANCE,EQ,214.66,6642,1425397.23
CSM,EQ,98.11,334746,33349398.75
CUBEXTUB,EQ,78.04,35671,2796510.08
CUMMINSIND,EQ,5586.00,322364,1801807239.50
CUPID,EQ,206.90,26836688,5556356832.42
CURAA,EQ,71.00,494,35616.40
CYIENTDLM,EQ,698.15,12932202,9016303507.20
CYIENT,EQ,843.30,177006,149492617.75
DLINKINDIA,EQ,447.90,104169,46506736.35
DPABHUSHAN,EQ,1386.05,91679,130375466.05
DBCORP,EQ,214.27,379452,81464087.02
DABUR,EQ,426.50,897737,381494529.15
DALBHARAT,EQ,1864.20,193843,360393467.10
DALMIASUG,EQ,365.05,156105,57840744.00
DAMCAPITAL,EQ,157.61,367574,58296800.37
DANGEE,EQ,3.04,15063,45975.71
DATAPATTNS,EQ,4782.80,6972637,32329588496.00
DATAMATICS,EQ,833.30,165644,139770320.35
DAVANGERE,EQ,3.30,53756320,185058161.63
DCI,EQ,265.15,45779,12389052.65
DCBBANK,EQ,188.65,1288924,245736691.55
DCMSRIND,EQ,41.90,307298,13160423.25
DCMSHRIRAM,EQ,1013.70,41407,42274237.80
DCW,EQ,46.08,925339,43008677.82
DCXINDIA,EQ,182.83,1077533,197533210.51
DDEVPLSTIK,EQ,278.65,84131,23569830.25
DENORA,EQ,863.55,14634,12859751.90
DECCANCE,EQ,564.15,4660,2644931.30
DECNGOLD,EQ,185.79,914126,171194823.20
DEEPINDS,EQ,469.50,241413,113519484.30
DEEPAKFERT,EQ,1598.90,145306,233381300.10
DEEPAKNTR,EQ,1696.00,95795,162731125.40
DELHIVERY,EQ,467.60,3790074,1785131031.30
DELTACORP,EQ,62.86,933010,59098910.08
DELTAMAGNT,EQ,58.26,2276,132806.80
DEN,EQ,27.40,847284,23144223.96
DENTA,EQ,332.45,291214,97429724.50
DEVX,EQ,34.09,57348,1956341.15
DEVIT,EQ,26.70,17235,460942.36
DEVYANI,EQ,110.63,727697,80189169.89
DBOL,EQ,103.66,99281,10355688.02
DHAMPURSUG,EQ,142.83,141582,20321875.28
DHANBANK,EQ,34.04,5761477,203166882.60
DHANUKA,EQ,1009.50,25254,25465393.50
DHARMAJ,EQ,260.55,9924,2567729.80
DHUNINV,EQ,892.60,1129,1012573.50
DTIL,EQ,134.36,3057,412626.28
DVL,EQ,244.82,21093,5111394.76
DIAMINESQ,EQ,248.77,2301,584656.44
DIACABS,EQ,269.14,9492453,2566768960.58
DICIND,EQ,522.55,2623,1373264.05
DIFFNKG,EQ,392.80,43874,17234229.00
DGCONTENT,EQ,24.30,5601,138995.63
DIGIDRIVE,EQ,18.04,47645,858605.93
DIGITIDE,EQ,100.90,405886,40227700.11
DIGJAMLMTD,EQ,44.01,7598,337333.68
DNAMEDIA,EQ,2.83,20964,59128.20
DBL,EQ,400.45,92532,37120300.90
DISAQ,EQ,11965.00,348,4183234.00
DCAL,EQ,186.18,180990,33677131.71
DIVGIITTS,EQ,950.10,37685,35294088.30
DIVISLAB,EQ,7386.50,371324,2731259490.50
DIXON,EQ,13882.00,417536,5824445148.00
DJML,EQ,108.38,343305,37057427.58
DLF,EQ,651.50,3637181,2380522332.40
DMCC,EQ,266.05,17206,4574984.50
DODLA,EQ,1063.40,15279,16145091.80
DOLATALGO,EQ,68.71,72752,4992125.09
DOLLAR,EQ,256.45,89539,22964342.45
DOLPHIN,EQ,378.70,4337,1639708.95
DOMS,EQ,2266.80,34503,78197098.10
DONEAR,EQ,84.62,8541,721573.35
AGARWALEYE,EQ,480.05,137078,65886328.30
DRAGARWQ,EQ,5033.50,205,1030997.00
LALPATHLAB,EQ,1699.00,181603,308424250.10
DRREDDY,EQ,1182.80,2528082,2993189012.40
DRCSYSTEMS,EQ,12.68,85271,1093664.18
DREAMFOLKS,EQ,67.26,55789,3755098.15
DREDGECORP,EQ,996.70,51718,51695153.40
KEEPLEARN,EQ,1.75,245891,443307.74
LIQUIDETF,EQ,999.99,73081,73080994.88
BANK10ADD,EQ,16.99,28125,478248.52
BANKADD,EQ,58.42,110607,6471989.77
GOLDADD,EQ,140.18,442674,61988921.16
ITADD,EQ,30.35,24642,748533.51
EQUAL50ADD,EQ,341.99,8646,2957561.76
NIFTYADD,EQ,252.76,8340,2108386.19
PSUBANKADD,EQ,84.93,28840,2452790.85
PVTBANKADD,EQ,27.93,101727,2845093.46
MIDQ50ADD,EQ,24.69,10578,261594.71
SENSEXADD,EQ,79.27,2397,189631.11
SILVERADD,EQ,214.77,228068,49207743.67
FLEXIADD,EQ,9.99,68645,685929.24
FMCGADD,EQ,49.38,1332,65450.04
HEALTHADD,EQ,16.53,16407,270613.78
LIQUIDADD,EQ,1136.75,252772,287340693.69
MIDCAPADD,EQ,22.95,2328,53622.41
MSCIADD,EQ,29.44,500,14705.00
NEXT30ADD,EQ,42.51,3201,135636.12
NEXT50ADD,EQ,72.68,1110,80691.83
SMALLADD,EQ,17.93,306300,5496281.39
TOP10ADD,EQ,86.67,220809,19137364.95
DUCON,EQ,3.03,177188,535955.86
DWARKESH,EQ,42.52,807766,34760144.28
DSSL,EQ,1183.40,35576,42256060.70
DYNAMATECH,EQ,10161.00,13895,142364061.00
DYCL,EQ,407.20,1564667,649680889.55
DYNPRO,EQ,236.04,8152,1946085.53
E2E,EQ,468.70,121637,57011261.90
EASEMYTRIP,EQ,6.81,9245731,62922687.97
ECLERX,EQ,1946.90,382826,729028376.40
BBETF0432,EQ,1352.88,2030,2739008.82
EBANKNIFTY,EQ,57.80,466,26865.90
EBBETF0430,EQ,1603.76,1798,2886588.11
EBBETF0431,EQ,1440.56,4249,6122544.07
EBBETF0433,EQ,1312.48,3496,4584850.90
ECAPINSURE,EQ,23.77,53387,1267398.01
EGOLD,EQ,144.50,377468,54537511.10
ELIQUID,EQ,1040.36,66592,69280099.04
ELM250,EQ,16.49,1242634,20613260.87
EMULTIMQ,EQ,41.22,21867,899856.08
ENEXT50,EQ,72.11,375,26916.80
ENIFTY,EQ,24.18,1155,27941.28
ESENSEX,EQ,77.08,756,58511.12
ESILVER,EQ,222.28,23075,5157332.11
EDELWEISS,EQ,117.56,1984107,234122590.19
EFCIL,EQ,192.11,373150,70587603.49
EICHERMOT,EQ,7632.00,409800,3128751646.00
EIDPARRY,EQ,765.45,266795,202511215.35
EIHAHOTELS,EQ,316.30,15201,4836745.65
EIHOTEL,EQ,331.65,76006,25188772.95
EIMCOELECO,EQ,1810.20,15782,28500573.90
ELANTAS,EQ,9349.00,423,3980145.00
ELCIDIN,EQ,110000.00,5,551485.00
ELDEHSG,EQ,779.25,882,695467.75
ELECON,EQ,437.10,321164,141208373.70
EMIL,EQ,131.45,755799,100365442.26
ELECTCAST,EQ,71.27,904026,64829346.12
ELECTHERM,EQ,1030.00,10224,10516220.90
ELGIEQUIP,EQ,583.20,179052,105040105.10
ELGIRUBCO,EQ,57.29,31555,1834463.12
ELIN,EQ,101.00,219502,22330473.25
ELITECON,EQ,16.68,4721792,80446413.84
ELLEN,EQ,287.85,802905,231625954.50
ELPROINTL,EQ,174.55,24741,4327882.28
EMAMILTD,EQ,413.90,784639,317542293.55
EMAMIPAP,EQ,118.63,1427994,165487617.07
EMBDL,EQ,62.61,2720239,170701421.05
EMCURE,EQ,1889.20,110499,209489280.90
EMKAY,EQ,237.60,34246,8100424.25
EMMVEE,EQ,322.00,2073630,666282374.30
EMSLIMITED,EQ,416.85,258818,107535152.30
EMUDHRA,EQ,459.60,143376,66708761.40
ENDURANCE,EQ,2738.20,83718,228446179.20
ENERGYDEV,EQ,17.02,12981,221107.40
ENGINERSIN,EQ,225.39,789212,178169893.26
ENTERO,EQ,1239.30,104859,128452335.80
ENIL,EQ,107.01,6112,657405.90
EIEL,EQ,224.31,913022,204782726.09
EPACK,EQ,234.71,286124,67305771.64
EPACKPEB,EQ,241.09,270686,65571825.43
EPIGRAL,EQ,1138.80,82531,94065667.30
EPL,EQ,233.88,332415,77969856.13
EQUITASBNK,EQ,79.02,2555215,203749277.57
ERIS,EQ,1440.60,80085,115648333.30
ESABINDIA,EQ,5787.00,3322,19263087.50
ESAFSFB,EQ,35.71,1757282,63321304.02
ESCORTS,EQ,2948.40,50786,149909127.20
ESSARSHPNG,EQ,20.24,227832,4594578.41
ESTER,EQ,86.99,69985,6112104.91
ETERNAL,EQ,284.40,65944414,18779223149.80
ETHOSLTD,EQ,2621.30,25590,67478958.00
EUREKAFORB,EQ,447.70,56299,25412631.80
EUROBOND,EQ,164.69,1548,255686.00
EUROPRATIK,EQ,305.90,149811,45717352.95
EVEREADY,EQ,363.30,457483,165332034.90
EKC,EQ,111.74,103939,11583984.14
EXCELINDUS,EQ,948.20,15809,14941923.70
EXCELSOFT,EQ,75.09,172168,12962536.74
EXICOM,EQ,169.29,2316948,402845949.87
EXIDEIND,EQ,447.85,4528760,2013562041.35
EXPLEOSOL,EQ,801.15,31366,25115158.35
EXXARO,EQ,6.34,104069,662978.75
FABTECH,EQ,147.23,79239,11789290.55
FACT,EQ,814.05,87882,71924754.05
FAZE3Q,EQ,555.50,13767,7660261.55
FDC,EQ,410.30,146791,59943405.55
FEDFINA,EQ,154.61,852751,133294943.95
FEDDERSHOL,EQ,51.52,21445698,1095696869.11
FEDERALBNK,EQ,353.25,4288304,1517347896.00
FMGOETZE,EQ,479.00,22340,10709039.50
FERMENTA,EQ,420.85,99137,42194891.95
FIBERWEB,EQ,30.87,17146,526799.76
FIEMIND,EQ,2343.60,35844,83601182.60
FILATEX,EQ,71.73,3155942,227149378.15
FINEORG,EQ,4928.50,16924,83278091.00
FCL,EQ,39.88,10372449,412950398.79
FINKURVE,EQ,61.93,25703,1598162.59
FINOPB,EQ,171.04,1412364,239779750.24
FINCABLES,EQ,1014.90,296476,299860890.70
FINPIPE,EQ,164.23,274871,44992507.76
FSL,EQ,264.06,512006,135299850.54
FISCHER,EQ,38.95,2036025,79800702.19
FIVESTAR,EQ,545.30,367174,201789595.90
FLAIR,EQ,249.65,97988,24405063.85
FOODSIN,EQ,56.97,47096,2691652.81
FORCEMOT,EQ,17418.00,72622,1268608227.00
FORTIS,EQ,949.85,637310,607349009.10
FOSECOIND,EQ,5103.00,825,4216048.50
FRACTAL,EQ,895.30,585821,520205881.35
FRONTSP,EQ,1389.90,7202,10006991.90
NYKAA,EQ,326.60,7608062,2499663769.25
UTLSOLAR,EQ,378.35,236863,89417115.15
FUSION,EQ,219.81,523575,114905015.14
GMBREW,EQ,915.30,34979,31862599.45
GRINFRA,EQ,883.75,12958,11454140.05
GABRIEL,EQ,1424.60,2703549,3805494963.80
GATECH,EQ,0.47,7334017,3462020.43
GATECHDVR,EQ,0.42,412200,176877.27
GAIL,EQ,173.01,9198076,1592169704.18
GALAPREC,EQ,1165.20,29834,34957133.70
GALAXYSURF,EQ,1932.80,3592,6935369.10
GALLANTT,EQ,562.30,349002,197569211.85
GANDHAR,EQ,236.19,6966318,1651065033.90
GANDHITUBE,EQ,872.05,3857,3362495.75
GANESHBE,EQ,109.32,11607281,1309944461.07
GANESHCP,EQ,175.13,34175,5983312.69
GANESHHOU,EQ,814.35,80297,64918512.65
GANECOS,EQ,1199.35,137292,165210586.40
GANGESSECU,EQ,115.98,456,52985.84
GRSE,EQ,2588.80,304900,792765357.60
GARUDA,EQ,173.39,146577,25477825.27
GRWRHITECH,EQ,6713.00,56175,381512484.50
GARFIBRES,EQ,757.90,40574,30882719.90
GATEWAY,EQ,57.67,2005401,117350859.30
GAYAHWS,EQ,1.92,156427,301447.15
GVPIL,EQ,805.05,104232,84731731.15
GVT&D,EQ,4481.50,614306,2764247105.50
GEEKAYWIRE,EQ,24.19,140692,3382651.65
GEMAROMA,EQ,178.59,116929,20955750.92
GICRE,EQ,361.45,539517,194418132.65
GENCON,EQ,38.53,293074,11425511.65
GENESYS,EQ,300.95,449744,136766743.00
GENUSPAPER,EQ,12.39,397246,4813833.48
GENUSPOWER,EQ,312.80,1008857,316412742.80
GEOJITFSL,EQ,81.44,279180,22752771.26
GFLLIMITED,EQ,45.21,50627,2324149.50
GHCL,EQ,428.90,115350,49434613.85
GHCLTEXTIL,EQ,114.20,784154,91196094.10
GICHSGFIN,EQ,148.40,103462,15286478.29
GILLANDERS,EQ,89.04,2348,207695.78
GILLETTE,EQ,7909.00,18001,141586163.50
GKENERGY,EQ,138.62,413091,57537490.00
GKWLIMITED,EQ,1680.00,341,571979.80
GLAND,EQ,2439.10,671215,1619520403.10
GLAXO,EQ,2552.80,102143,258488987.10
GLENMARK,EQ,2199.90,942175,2072087800.30
GLOBAL,EQ,101.74,24170,2499768.12
MEDANTA,EQ,1353.40,491259,666888310.00
GSLSU,EQ,25.41,100149,2456032.61
GLOBALVECT,EQ,149.88,13218,1984813.08
GLOBE,EQ,2.16,156600,335706.35
GICL,EQ,16.53,82579,1359890.34
GLOBUSSPR,EQ,878.85,112064,98983545.40
GLOSTERLTD,EQ,675.70,3535,2371611.55
GMMPFAUDLR,EQ,799.90,128243,102480671.95
GMRAIRPORT,EQ,109.83,18683019,2067229544.25
GMRP&UI,EQ,100.94,2557296,252690006.21
GNA,EQ,517.25,753012,391382401.40
EBGNG,EQ,545.50,384174,211918515.85
GODIGIT,EQ,283.00,306946,86672489.55
GOCOLORS,EQ,336.90,89784,30394455.10
GOACARBON,EQ,370.45,17980,6599979.50
GOCLCORP,EQ,393.10,39201,15460202.65
GODAVARIB,EQ,274.30,138361,37966259.05
GPIL,EQ,242.75,524959,128265796.05
GODFRYPHLP,EQ,2072.40,197462,412295157.60
GODREJAGRO,EQ,569.30,73333,41906120.10
GODREJCP,EQ,1068.80,523442,555707488.60
GODREJIND,EQ,1354.90,100923,136697386.60
GODREJPROP,EQ,2081.10,928740,1959942916.30
GOKEX,EQ,796.35,328373,264235999.15
GOKULAGRO,EQ,212.18,280666,59622295.84
GOKUL,EQ,38.93,153057,6045581.24
GOLDIAM,EQ,341.90,1055724,363953253.15
GOODLUCK,EQ,1557.00,69272,107706549.80
GOODYEAR,EQ,824.80,8605,7069335.80
GOPAL,EQ,259.70,95407,24781032.50
GOYALALUM,EQ,6.50,58934,386435.83
GPTHEALTH,EQ,155.39,139718,21464368.87
GPTINFRA,EQ,117.52,55661,6502299.33
GRANDOAK,EQ,39.44,10234,405802.24
GRANULES,EQ,853.80,1607330,1368624154.60
GRAPHITE,EQ,629.55,417590,262380938.05
GRASIM,EQ,3166.30,396629,1253598279.40
GRAUWEIL,EQ,74.34,133190,9978335.78
GRAVISSHO,EQ,29.95,2290,68233.08
GRAVITA,EQ,1793.00,229321,415681684.00
GREAVESCOT,EQ,239.88,1449781,355521947.94
GREENLAM,EQ,243.85,103927,25402545.40
GREENPANEL,EQ,197.62,94019,18484252.15
GREENPLY,EQ,329.65,300754,98199120.05
GCSL,EQ,523.55,452546,234498334.75
GRINDWELL,EQ,2020.80,33842,68915147.50
GRMOVER,EQ,90.14,398703,36176635.65
GROWWCAPM,EQ,11.30,440523,4966421.05
GROWWCHEM,EQ,30.59,106062,3254259.77
GROWWDEFNC,EQ,94.58,209641,19808869.53
GROWWEV,EQ,31.66,180989,5745287.00
GROWWGOLD,EQ,14.08,1647564,23200102.66
GROWWHOSPI,EQ,53.65,688021,36923298.81
GROWWLIQID,EQ,110.01,164511,18098645.87
GROWWLOVOL,EQ,10.48,11946,124329.42
GROWWMC150,EQ,230.81,779,179754.25
GROWWMETAL,EQ,11.93,533876,6398551.95
GROWWMOM50,EQ,10.72,235084,2514606.71
GROWWN200,EQ,11.30,23221,262653.00
GROWWNET,EQ,9.74,225017,2203903.63
GROWWNIFTY,EQ,9.70,733874,7120934.42
GROWWNXT50,EQ,72.94,5056,367457.28
GROWWPOWER,EQ,11.88,1250718,14847795.10
GROWWPSE,EQ,100.28,4272,427639.66
GROWWPSUBK,EQ,84.55,11673,986606.01
GROWWRAIL,EQ,28.71,517661,14863975.49
GROWWRLTY,EQ,10.08,220026,2235670.27
GROWWSC250,EQ,10.29,80091,827421.37
GROWWSLVR,EQ,21.84,1517465,33284533.56
PVTBKGROWW,EQ,27.56,65609,1806174.06
SMALLGROWW,EQ,47.54,6366,301786.93
GRPLTD,EQ,1888.80,820,1556496.20
GSPCROP,EQ,506.80,285041,144838608.30
GSS,EQ,12.17,25799,313200.33
GTLINFRA,EQ,1.23,41634103,51473560.49
GTL,EQ,7.21,84312,606568.87
GTPL,EQ,60.91,85268,5117024.17
GUFICBIO,EQ,386.35,51542,19901779.30
GIPCL,EQ,158.95,348644,55681729.62
GNFC,EQ,506.15,143676,72730000.30
GSFC,EQ,156.18,568278,88867972.27
GUJAPOLLO,EQ,338.10,6663,2275869.05
GUJALKALI,EQ,620.35,42036,25913704.75
GAEL,EQ,144.73,715309,102918401.55
GUJENERGY,EQ,264.90,636594,169529284.65
FLUOROCHEM,EQ,4590.40,217738,997899814.90
GKSL,EQ,127.35,46386,5922762.10
GMDCLTD,EQ,560.25,798852,454222296.60
GNRL,EQ,95.69,40222,3849944.53
GPPL,EQ,148.70,1074768,160254827.79
GUJRAFFIA,EQ,39.26,2669,105407.38
GUJTHEM,EQ,351.50,62678,22253690.05
GULFOILLUB,EQ,982.40,68664,67463339.10
GULPOLY,EQ,186.93,14384339,2898770278.40
GVPTECH,EQ,6.69,22039,149149.74
GYFTR,EQ,150.82,65969,9846394.36
HBESD,EQ,74.50,2123,158863.50
HGINFRA,EQ,547.10,41687,22895542.45
HALDER,EQ,234.11,26436,6139755.05
HALEOSLABS,EQ,1523.70,437,669911.50
HGM,EQ,47.04,4148,191985.75
HAPPSTMNDS,EQ,367.20,521823,192891839.60
HAPPYFORGE,EQ,1591.30,30334,48456458.40
HARDWYN,EQ,15.52,1286201,19942731.50
HARIOMPIPE,EQ,385.85,118125,45667109.05
HARRMALAYA,EQ,218.85,15217,3333601.43
HARSHA,EQ,411.00,113437,46656778.30
HATHWAY,EQ,10.82,1317234,14329095.48
HATSUN,EQ,892.60,91644,82713071.65
HAVELLS,EQ,1207.10,601548,724543690.00
HAWKINCOOK,EQ,8735.50,1817,16012932.50
HBLENGINE,EQ,712.60,659774,473558035.50
HCL-INSYS,EQ,11.57,175615,2038738.60
HCLTECH,EQ,1237.30,2377718,2940393159.20
HDBFS,EQ,707.20,338295,239670214.70
HDFCAMC,EQ,2546.00,852280,2176431309.50
HDFCBANK,EQ,753.15,23385446,17622236888.00
HDFCGOLD,EQ,123.04,1657020,203849788.22
HDFCLIFE,EQ,553.10,1766190,979279317.30
HDFCBSE500,EQ,37.28,261007,9721772.65
HDFCGROWTH,EQ,116.24,27022,3143295.14
HDFCLIQUID,EQ,1070.34,21688,23213650.08
HDFCLOWVOL,EQ,20.63,3548,73249.11
HDFCMID150,EQ,23.23,388151,9032845.51
HDFCMOMENT,EQ,30.88,108168,3342934.47
HDFCNEXT50,EQ,73.75,264468,19533543.21
HDFCNIF100,EQ,25.95,32186,835382.54
HDFCNIFBAN,EQ,58.86,72879,4294109.16
HDFCNIFIT,EQ,30.56,118090,3621761.85
HDFCNIFTY,EQ,270.48,214481,58104151.96
HDFCPVTBAN,EQ,28.06,1279275,35837734.74
HDFCQUAL,EQ,57.53,34854,2004266.27
HDFCSENSEX,EQ,87.11,39584,3451284.68
HDFCSILVER,EQ,213.28,1930658,412942763.75
HDFCSML250,EQ,180.12,1345864,242914313.79
HDFCVALUE,EQ,125.55,6197,777438.60
HDFCPSUBK,EQ,84.95,80271,6822302.27
HEADSUP,EQ,6.87,15657,107536.58
HEALTHX,EQ,319.90,4141,1329661.45
HCG,EQ,670.95,111176,74053833.40
HECPROJECT,EQ,143.06,288760,41209280.62
HEG,EQ,598.85,1035151,621661444.65
HEIDELBERG,EQ,158.88,47604,7582608.17
HEMIPROP,EQ,135.39,305343,41421787.74
HERANBA,EQ,175.25,18407,3248603.42
HERITGFOOD,EQ,330.50,328364,108059013.80
HEROMOTOCO,EQ,4987.10,877166,4423314856.60
HESTERBIO,EQ,2431.00,7517,18333180.70
HEXATRADEX,EQ,156.90,1784,279076.63
HEXT,EQ,550.70,160507,88163317.40
HFCL,EQ,217.90,55935312,12419943499.51
HITECH,EQ,85.90,242326,20866963.84
HIKAL,EQ,213.65,396303,85603665.67
HSCL,EQ,768.25,21308321,16911277919.05
HIMATSEIDE,EQ,82.62,593201,49208940.05
HIRECT,EQ,1278.40,129059,168530765.60
HINDALCO,EQ,950.00,4055709,3851653158.15
HPIL,EQ,121.72,1565,198415.56
HGS,EQ,427.85,7732,3312916.80
HAL,EQ,4574.80,976586,4481165045.20
HINDCOMPOS,EQ,432.95,4640,2034823.55
HCC,EQ,22.06,14700076,326663840.19
HINDCOPPER,EQ,489.25,2800918,1380814487.90
HNDFDS,EQ,563.50,38332,21694909.55
HMVL,EQ,91.39,54558,4989456.80
HINDOILEXP,EQ,164.06,460667,75289763.92
HINDPETRO,EQ,395.20,4699577,1869458517.15
HINDUNILVR,EQ,2154.60,819175,1761858237.10
HINDZINC,EQ,535.40,2416820,1296517129.15
HINDWAREAP,EQ,213.55,152756,32785725.20
HISARMETAL,EQ,153.01,240,36487.80
POWERINDIA,EQ,32055.00,90595,2930171865.00
HLEGLAS,EQ,418.00,292403,123667142.45
HLVLTD,EQ,7.18,66268,475413.56
HMAAGRO,EQ,21.55,82668,1783560.64
HOMEFIRST,EQ,1224.10,151734,188559500.00
HONASA,EQ,456.65,667174,303984151.40
HONDAPOWER,EQ,2118.30,3362,7083788.30
HONAUT,EQ,38095.00,5848,222926520.00
HPAL,EQ,33.49,34712,1161208.20
HPL,EQ,342.60,64454,22138978.50
HSBCGOLD,EQ,125.64,11056,1388856.80
HUDCO,EQ,198.32,4806191,945781704.79
HTMEDIA,EQ,25.67,87090,2248248.01
HUBTOWN,EQ,201.76,587534,119583205.72
HUHTAMAKI,EQ,291.98,24962628,7346883108.19
HYUNDAI,EQ,1945.60,275857,538744710.90
IGPL,EQ,438.40,38825,16827992.90
ICDSLTD,EQ,39.50,686,26964.56
ICEMAKE,EQ,878.90,229621,202169081.10
ICICIBANK,EQ,1440.70,8345136,12057481788.80
ICICIGI,EQ,1583.50,1295890,2063128156.40
LOWVOLIETF,EQ,22.16,2586283,57200076.03
ICICIPRULI,EQ,499.50,3380526,1673979113.80
MIDSELIETF,EQ,19.22,254972,4919190.48
NIF100IETF,EQ,27.94,59466,1663919.73
NIFTYIETF,EQ,271.93,810388,220494373.98
SENSEXIETF,EQ,881.56,9720,8582570.10
ICICIAMC,EQ,3119.90,219282,684186319.90
GOLDIETF,EQ,123.54,4097764,505969252.50
NV20IETF,EQ,13.58,3315913,45045048.64
ICICIB22,EQ,115.76,179117,20727048.78
CASHIETF,EQ,1071.88,127320,136473141.51
EVIETF,EQ,31.87,78847,2514338.85
GSEC10IETF,EQ,264.25,6718,1771861.18
BSE500IETF,EQ,39.17,270389,10597606.54
GSEC5IETF,EQ,66.38,12896,853873.43
ALPL30IETF,EQ,27.97,585010,16337565.24
AUTOIETF,EQ,28.22,690967,19538697.62
PVTBANIETF,EQ,27.75,3229598,89717123.40
COMMOIETF,EQ,100.98,93558,9446546.72
CONSUMIETF,EQ,122.32,14765,1800547.16
FMCGIETF,EQ,52.82,918960,48384346.21
INFRAIETF,EQ,96.24,92295,8890644.62
LIQUIDIETF,EQ,999.99,577479,577478303.61
MIDCAPIETF,EQ,23.77,1106304,26312610.08
MOM30IETF,EQ,31.06,514729,16013957.96
NEXT50IETF,EQ,76.16,886116,67518319.63
HEALTHIETF,EQ,168.07,193483,32470885.25
QUAL30IETF,EQ,20.91,31783,664621.43
SILVERIETF,EQ,222.38,2102459,468737638.69
ITIETF,EQ,31.79,684871,21815034.35
BANKIETF,EQ,58.75,287933,16929216.35
METALIETF,EQ,12.66,12042969,152388312.55
OILIETF,EQ,11.38,1040756,11881875.13
PSUBNKIETF,EQ,85.20,630457,53619520.39
SMALLIETF,EQ,17.91,178008,3193910.70
TOP15IETF,EQ,9.79,46441,454541.57
VAL30IETF,EQ,15.39,503299,7744765.44
FINIETF,EQ,32.34,1422032,46112768.21
ICRA,EQ,5127.50,25329,129773129.50
IDBI,EQ,85.93,6387699,544967513.09
IDFCFIRSTB,EQ,80.72,13767011,1107225365.36
IFBIND,EQ,1320.00,53287,71004358.60
IFCI,EQ,71.47,9004898,645236128.29
IFGLEXPOR,EQ,203.60,25672,5258710.23
IGARASHI,EQ,447.55,51265,23216361.95
IIFLCAPS,EQ,342.95,1118327,382942839.25
IIFL,EQ,570.35,3377417,1938185865.65
IKIO,EQ,212.73,592869,126073877.91
IVC,EQ,8.26,87071,720730.24
IMAGICAA,EQ,47.36,844943,40061484.68
INCREDIBLE,EQ,34.00,43559,1528826.93
IMPAL,EQ,1077.30,2938,3174755.40
INDSWFTLAB,EQ,233.07,447639,104637775.52
INDTERRAIN,EQ,28.83,25048,734309.15
INDBANK,EQ,32.66,40210,1323513.98
BAJAJINDEF,EQ,234.65,46588,10895678.95
INDGN,EQ,493.35,102012,50663144.30
INDIAGLYCO,EQ,1140.55,86465,98532537.05
INDNIPPON,EQ,1213.70,33835,40995065.50
IPL,EQ,151.08,145120,21731788.56
INDIASHLTR,EQ,770.55,202122,157764667.10
ITDC,EQ,750.15,1158152,877793091.55
INDIAMART,EQ,1820.00,618752,1126943071.90
INDIANB,EQ,827.55,1611184,1339748947.95
INDIANCARD,EQ,223.42,3295,734977.84
IEX,EQ,123.48,2492269,307266326.96
INDIANHUME,EQ,382.10,63408,24365169.05
IMFA,EQ,1370.00,85170,117411426.30
IOC,EQ,142.03,9024642,1284566746.96
IOB,EQ,34.59,3920420,136350438.23
IRCTC,EQ,494.05,670020,332334648.25
IRFC,EQ,87.39,5926795,518336855.65
IREDA,EQ,119.68,3159003,378829050.47
IWP,EQ,33.53,2790,92482.11
INDIGOPNTS,EQ,1064.80,39127,41567940.40
INDIQUBE,EQ,174.65,44439,7771023.25
INDOBORAX,EQ,396.70,312868,127400309.05
ICIL,EQ,398.00,234521,93424963.50
INDOFARM,EQ,156.15,170566,26877949.40
INDORAMA,EQ,48.67,57293,2810600.46
INDOTHAI,EQ,216.24,1837716,397804394.84
INDOUS,EQ,86.65,18585,1617234.72
NIPPOBATRY,EQ,327.90,1580,519436.45
INDOCO,EQ,233.20,86726,20514837.37
IGCL,EQ,69.55,52128,3616061.77
WAAREEINDO,EQ,375.70,39260,14853276.50
INDOSTAR,EQ,265.35,76330,20472010.40
IGL,EQ,151.38,1084851,164921815.29
INDRAMEDCO,EQ,367.45,81946,30238907.25
INDUSTOWER,EQ,394.85,2210902,877227470.90
INDUSINDBK,EQ,1069.30,5069159,5408179508.25
IITL,EQ,129.57,92925,11905028.96
NAUKRI,EQ,1189.30,1736169,2066597097.45
INFOBEAN,EQ,158.05,697757,111137593.07
INFOMEDIA,EQ,5.62,9677,54334.14
INFY,EQ,1052.10,7517203,7923524641.50
INGERRAND,EQ,4540.40,7786,35338191.70
INNOVACAP,EQ,974.10,43539,42470110.90
INNOVANA,EQ,328.20,5795,1892741.80
INNOVISION,EQ,286.10,19315,5505836.00
INOXGREEN,EQ,193.49,494261,95627173.28
INOXINDIA,EQ,2042.20,268475,555780591.30
INOXWIND,EQ,76.67,11390993,879421765.83
INSECTICID,EQ,616.55,21175,13100949.75
INA,EQ,117.29,397743,46643218.26
INTELLECT,EQ,738.40,346072,258540120.80
INTENTECH,EQ,91.61,13400,1225854.53
INTERARCH,EQ,1832.30,82940,148996096.10
INDIGO,EQ,5117.00,1652164,8479770272.00
INTLCONV,EQ,76.62,19029,1467098.71
IGIL,EQ,348.45,623103,216465930.25
ISFT,EQ,72.16,2918,211496.78
INVENTURE,EQ,0.90,358746,323466.47
IKS,EQ,1815.60,125663,231077161.20
IVZINGOLD,EQ,125.60,14361,1800203.45
IVZINNIFTY,EQ,2754.18,48,132190.14
INVPRECQ,EQ,923.60,78737,73559090.40
IOLCP,EQ,148.23,1637499,243742680.57
IONEXCHANG,EQ,424.75,553452,238126474.00
IPCALAB,EQ,1788.50,193000,341692591.80
IRB,EQ,19.85,4737082,94069198.10
IRCON,EQ,127.17,774300,98659591.25
IRISDOREME,EQ,46.68,183616,8509818.06
IRIS,EQ,237.45,11806,2818667.85
IRMENERGY,EQ,256.55,35873,9245360.60
ISGEC,EQ,873.50,17861,15591130.40
ISHANCH,EQ,54.86,20215,1095634.43
ITCHOTELS,EQ,163.83,1529413,250986291.99
ITC,EQ,280.80,12995017,3643308620.20
ITI,EQ,280.65,270565,75991113.95
IVALUE,EQ,283.95,157031,44837433.50
IZMO,EQ,1084.10,70657,77770191.80
J&KBANK,EQ,179.82,5189606,946494418.60
JGCHEM,EQ,484.45,210523,103391450.70
JAGRAN,EQ,63.03,136214,8574968.01
JAGSNPHARM,EQ,220.18,63426,14014058.58
JAICORPLTD,EQ,102.04,418888,42954758.43
JISLDVREQS,EQ,21.44,11223,239124.67
JISLJALEQS,EQ,30.09,1225294,36880770.94
JAINREC,EQ,335.90,1181775,392986926.15
JPPOWER,EQ,17.37,43804924,762149810.94
JAMNAAUTO,EQ,131.93,1460890,194771009.27
JSFB,EQ,552.25,760115,421092866.40
JARO,EQ,476.50,35753,17070346.25
JASH,EQ,506.50,109956,55968262.65
JAYBARMARU,EQ,168.07,384061,65801867.22
JAYAGROGN,EQ,220.28,6337,1398800.68
JAYNECOIND,EQ,83.97,6897702,590166597.32
JAYKAY,EQ,166.16,72820,12103087.61
JAYSREETEA,EQ,81.08,13995,1135691.84
JBMA,EQ,672.65,689848,465345153.50
JSLL,EQ,559.35,337134,189590797.75
JETFREIGHT,EQ,23.37,168907,3950326.51
JHS,EQ,7.24,19490,141142.90
RETAIL,EQ,17.12,3759,64679.60
JPOLYINVST,EQ,1062.30,2760,2956096.60
JINDRILL,EQ,590.00,130649,76867786.70
JINDALPHOT,EQ,1061.40,4237,4553414.10
JINDALPOLY,EQ,647.65,21001,13715144.10
JINDALSAW,EQ,265.15,2054097,543341955.45
JSL,EQ,738.40,181572,133790026.30
JINDALSTEL,EQ,1045.00,842226,880504422.60
JINDWORLD,EQ,37.15,59987664,2240741833.02
JIOFIN,EQ,234.80,17633281,4162530408.92
JITFINFRA,EQ,372.10,17330,6427907.40
JKCEMENT,EQ,5762.00,144890,832356014.50
JKLAKSHMI,EQ,580.00,79891,46366854.00
JKPAPER,EQ,389.30,6783489,2680178356.45
JKTYRE,EQ,391.15,721731,282926597.00
JKIL,EQ,485.90,49498,24140104.40
JMFINANCIL,EQ,124.39,1778282,221993917.70
JNKINDIA,EQ,473.75,168589,80021039.25
COCKERILL,EQ,9026.00,3320,30008282.00
JSWCEMENT,EQ,137.29,1383090,192509714.13
JSWDULUX,EQ,3055.30,25277,76998269.50
JSWENERGY,EQ,561.70,3511240,1980392098.15
JSWHL,EQ,10915.00,2365,25776507.00
JSWINFRA,EQ,330.00,3854168,1281970083.80
JSWSTEEL,EQ,1266.90,3988761,5059786474.90
JTEKTINDIA,EQ,132.04,144926,19135761.17
JTLIND,EQ,73.05,2372525,174529912.49
JUBLCPL,EQ,1882.70,5063,9632561.30
JUBLFOOD,EQ,417.20,701088,293531665.75
JUBLINGREA,EQ,743.75,4886609,3664102035.60
JUBLPHARMA,EQ,989.00,108052,106471393.35
JMA,EQ,88.52,6356,559563.35
JUNIPER,EQ,192.41,107610,20830231.12
JLHL,EQ,1561.00,43703,68054851.20
JWL,EQ,246.65,533921,132150272.80
JUSTDIAL,EQ,722.95,1108785,805609089.30
JYOTHYLAB,EQ,200.66,251654,50401722.68
JYOTICNC,EQ,790.85,403109,321490135.90
JYOTISTRUC,EQ,10.74,5703301,61842880.84
KMSUGAR,EQ,28.66,72098,2081440.67
KPEL,EQ,306.85,119138,36562864.65
KABRAEXTRU,EQ,341.00,104276,36099642.50
KAJARIACER,EQ,1229.60,304502,373417264.90
KALPATARU,EQ,273.35,80271,21866656.15
KPIL,EQ,1320.00,66705,88287611.00
KALYANKJIL,EQ,596.10,32800326,19527510279.65
KALYANIFRG,EQ,609.40,3197,1920973.70
KICL,EQ,5469.50,832,4562110.50
KSL,EQ,886.15,21721,19251488.05
KAMAHOLD,EQ,2640.40,3789,10148977.30
KAMATHOTEL,EQ,167.75,46556,7930742.35
KAMOPAINTS,EQ,4.52,131806,599172.85
KANANIIND,EQ,1.50,43205,65331.34
KANPRPLA,EQ,201.02,6819,1374952.13
KANSAINER,EQ,198.92,105293,21031262.49
KAPSTON,EQ,464.45,75877,34782347.55
KARMAENG,EQ,38.09,1036,39763.06
KTKBANK,EQ,276.25,2902371,804383362.90
KARURVYSYA,EQ,339.15,16009675,5475612424.15
KSCL,EQ,855.40,65814,56281115.50
KAVDEFENCE,EQ,57.72,51678,2991723.66
KAYA,EQ,266.32,427752,118204929.00
KAYNES,EQ,3252.40,534112,1739056758.90
KCP,EQ,170.08,104190,17655433.73
KCPSUGIND,EQ,25.06,1207487,30493473.84
KDDL,EQ,3097.60,12694,39638070.10
KEC,EQ,479.60,667183,321309822.10
KEI,EQ,4971.00,206064,1030041700.50
KELLTONTEC,EQ,14.50,1178038,17128250.05
KENNAMET,EQ,2751.60,6207,17055000.80
KERNEX,EQ,2195.60,176577,387033624.00
KKCL,EQ,499.90,27158,13671111.75
KEYFINSERV,EQ,262.26,394,102904.21
RUSTOMJEE,EQ,405.70,18348,7502896.15
KFINTECH,EQ,880.20,354103,312066546.15
KHANDSE,EQ,17.49,1083,18770.81
KLBRENG-B,EQ,443.65,59627,26366017.05
KINGFA,EQ,5068.00,7064,35979190.00
KIOCL,EQ,357.10,110384,39764568.75
KIRANVYPAR,EQ,196.36,3880,752120.99
KIRIINDUS,EQ,402.00,167044,67237185.65
KIRLOSBROS,EQ,1876.80,70306,131609927.00
KIRLFER,EQ,470.00,58443,27355538.45
KIRLOSIND,EQ,3784.20,5684,21565617.30
KIRLOSENG,EQ,2187.90,434352,947888525.10
KIRLPNU,EQ,1598.70,189449,301240056.20
KITEX,EQ,145.19,491607,71950735.11
KNAGRI,EQ,208.76,10493,2175412.25
KNACK,EQ,190.41,1215207,234316818.43
KMEW,EQ,2426.70,30157,73319645.30
KNRCON,EQ,121.59,386160,47148892.42
KOHINOOR,EQ,23.52,79347,1869238.77
KOKUYOCMLN,EQ,85.33,21201,1798388.35
KOLTEPATIL,EQ,386.05,75179,28990335.45
GOLD1,EQ,120.44,3202813,385482994.00
KOTAKBANK,EQ,381.15,11688952,4455790493.25
NIFTY1,EQ,266.27,158786,42360825.58
PSUBANK,EQ,84.10,191344,16156470.32
CHEMICAL,EQ,30.63,676085,20798686.39
ALPHA,EQ,51.76,837934,43446304.40
CONS,EQ,12.14,361841,4377710.88
IT,EQ,31.76,526492,16750948.31
LIQUID1,EQ,1114.60,447971,499312258.67
LOWVOL1,EQ,21.18,64458,1361219.94
MIDCAP,EQ,18.24,680178,12433983.89
MNC,EQ,33.60,47154,1585425.92
SILVER1,EQ,21.65,4310796,93594975.31
NV20,EQ,13.93,285235,3976589.54
MID150,EQ,23.25,63964,1492992.89
MOMENTUM30,EQ,30.60,88564,2717516.81
MSCIINDIA,EQ,29.69,5077,150908.94
NEXT50ETF,EQ,72.84,5536,402733.39
NIFTY100EW,EQ,34.85,26600,928562.42
PVTBANK,EQ,27.56,54805,1511343.95
QUALITY30,EQ,20.52,86824,1785216.28
BANKNIFTY1,EQ,59.18,457312,27176930.46
KOTIC,EQ,167.90,6260,1046920.61
KOTHARIPET,EQ,126.41,25398,3228547.99
KOTHARIPRO,EQ,67.45,4588,310026.10
KOTARISUG,EQ,24.44,26617,653333.83
KOVAI,EQ,5749.00,7451,42941692.50
KPIGREEN,EQ,396.70,390866,156092088.15
KPITTECH,EQ,554.90,1120151,622297822.10
KPRMILL,EQ,1064.80,587716,629328751.40
KRBL,EQ,350.30,302259,105853089.45
KREBSBIO,EQ,53.48,2138,116285.15
KRISHANA,EQ,143.65,3031426,428816970.75
KRISHIVAL,EQ,389.35,112528,43890833.95
KRISHNADEF,EQ,1306.80,82043,106168889.80
KIMS,EQ,784.45,609433,478184273.40
KRITIKA,EQ,5.59,91419,512756.05
KRONOX,EQ,148.84,74161,11081730.28
KROSS,EQ,210.70,1055358,220768463.21
KRSNAA,EQ,541.70,28365,15380071.60
KRYSTAL,EQ,600.05,5586,3354686.35
KSB,EQ,892.35,51672,46166341.65
KSHINTL,EQ,893.70,147432,132445618.90
KSOLVES,EQ,287.80,46273,13328870.80
KSR,EQ,29.80,3914,116506.86
KUANTUM,EQ,78.23,155085,11909644.64
KUSUMGAR,EQ,575.85,876117,496749305.50
KPL,EQ,2697.50,11634,31126567.50
KWIL,EQ,32.58,6692867,219708139.35
LTF,EQ,305.90,4876518,1496388052.15
LTTS,EQ,3333.20,80738,268538358.50
LAOPALA,EQ,189.76,156261,29531700.81
LAGNAM,EQ,88.57,5194,455965.48
LAHOTIOV,EQ,42.58,925,39398.80
LFIC,EQ,143.72,269,38386.25
LAMBODHARA,EQ,113.80,8637,993365.31
LANCORHOL,EQ,24.85,41784,1026828.48
LANDMARK,EQ,519.25,332667,172519596.65
LPDC,EQ,6.19,14767,91759.72
LANDSMILL,EQ,0.76,998131,764930.03
LT,EQ,3817.40,1157406,4424166787.70
LASA,EQ,7.12,19424,140348.91
LASERPOWER,EQ,277.69,2210740,619193567.65
LATENTVIEW,EQ,304.55,353649,107788222.20
LAURUSLABS,EQ,1577.80,1183077,1869473293.80
LAXMICOT,EQ,14.71,7071,104997.00
LAXMIDENTL,EQ,217.93,122923,26880698.29
LGHL,EQ,208.77,19585,4076489.18
LXCHEM,EQ,174.52,1446961,256873872.18
LCCINFOTEC,EQ,4.50,13542,61270.76
LEMERITE,EQ,20.34,365704,7428204.60
IXIGO,EQ,191.37,1084857,205628974.71
THELEELA,EQ,491.05,411094,201326784.50
LEMONTREE,EQ,108.91,3581167,390130508.80
LENSKART,EQ,559.35,5349633,2971594260.20
LEXUS,EQ,14.91,7320,109692.03
LGBBROSLTD,EQ,1547.70,14203,21867515.40
LGEINDIA,EQ,1529.40,264765,408214596.70
LIBAS,EQ,10.35,33283,336567.86
LIBERTSHOE,EQ,262.20,34524,9096135.20
LICHSGFIN,EQ,538.60,616187,332722390.65
LICMFGOLD,EQ,129.90,56575,7343791.20
LICNETFN50,EQ,269.62,332,89345.60
LICNFNHGP,EQ,275.30,272,74713.03
LICNETFGSC,EQ,29.45,28496,837583.96
LICNMID100,EQ,62.81,2759,173457.82
LICI,EQ,423.30,1110423,471477856.40
LIKHITHA,EQ,236.10,41199,9682069.20
LINC,EQ,105.46,6162,650184.55
LINCOLN,EQ,576.95,35556,20696671.20
LINDEINDIA,EQ,6840.50,26168,180125294.00
LLOYDSENGG,EQ,86.93,7907333,700441553.61
LLOYDSENT,EQ,78.52,3676810,292526765.08
LLOYDSME,EQ,1871.70,401670,764789913.70
LMW,EQ,16096.00,1250,20043100.00
LODHA,EQ,1161.00,2428115,2830260295.55
LORDSCHLO,EQ,144.12,22181,3253492.00
LAL,EQ,8.82,57525,503423.56
LOTUSEYE,EQ,118.98,22167,2664495.85
LOVABLE,EQ,72.13,14230,1032017.99
LOYALTEX,EQ,212.00,25,5086.00
LTFOODS,EQ,378.65,270548,102247688.75
LTM,EQ,3982.40,130372,521865468.20
LUMAXTECH,EQ,1475.30,106724,157974161.80
LUMAXIND,EQ,5084.00,5300,27031100.00
LUPIN,EQ,2406.90,1224924,2971929731.30
LUXIND,EQ,1225.60,23261,28746513.70
MBEL,EQ,299.30,227276,68691102.05
MKPL,EQ,4.23,66307,280309.80
MCL,EQ,52.71,26446,1407455.16
M&MFIN,EQ,378.15,54586010,20456278051.85
MAANALU,EQ,114.88,28220,3227386.37
MCCHRLS-B,EQ,705.70,237,165586.80
MACPOWER,EQ,1340.90,6052,8087029.50
MADHAVIPL,EQ,7.89,104019,831969.49
MADHAV,EQ,34.46,1823,63511.08
MBAPL,EQ,139.25,5003738,703211074.35
MADRASFERT,EQ,67.07,31303,2101659.29
MAFATIND,EQ,130.59,35490,4632072.25
MAGADSUGAR,EQ,499.35,21378,10744932.60
MCLOUD,EQ,27.49,1688026,46548952.54
MAGNUM,EQ,19.07,12187,232198.50
MAHAPEXLTD,EQ,44.22,3141,139927.77
MFML,EQ,19.74,26411,495604.80
MHLXMIRU,EQ,135.96,6896,936147.69
MAHASTEEL,EQ,795.85,2654,2104974.35
MGL,EQ,1081.90,105486,114304424.30
MTNL,EQ,27.69,1995077,55616472.59
MAHSCOOTER,EQ,12836.00,1836,23597368.00
MAHSEAMLES,EQ,575.45,42822,24611756.55
M&M,EQ,3175.30,1784375,5697388639.90
MAHEPC,EQ,106.71,116262,12498928.02
MHRIL,EQ,211.70,1012352,218996653.88
MAHLIFE,EQ,374.10,168313,62928640.15
MAHLOG,EQ,402.15,1039386,418322181.45
MAITHANALL,EQ,977.10,32333,31588372.50
MAJESAUT,EQ,430.25,16880,7254591.85
MALLCOM,EQ,1005.40,5293,5321015.00
MALUPAPER,EQ,34.85,458139,15729628.11
MAMATA,EQ,397.95,59801,23759604.50
MANAKCOAT,EQ,122.59,517210,62633163.76
MANINDS,EQ,514.60,129846,67225060.50
MANINFRA,EQ,98.61,855654,84756483.59
MANAKALUCO,EQ,36.42,29648,1083992.18
MANAKSIA,EQ,56.99,8670,494493.52
MANALIPETC,EQ,64.24,1214766,81264152.22
MANAPPURAM,EQ,350.20,4714729,1655826211.95
MANBA,EQ,139.16,194805,27396419.20
MANCREDIT,EQ,215.77,526785,117317562.42
MANGLMCEM,EQ,982.50,77149,75558565.35
MANGALAM,EQ,27.22,27494,748115.59
MWL,EQ,35.90,274630,9871141.70
MANKIND,EQ,2544.70,294168,748681422.20
MVGJL,EQ,156.92,48064,7635915.55
MANOMAY,EQ,202.16,118947,24054992.98
MANORAMA,EQ,1573.60,92495,146261417.80
MARATHON,EQ,388.50,56505,22056481.75
MARICO,EQ,862.65,1248595,1071421442.05
MARINE,EQ,255.50,529386,136641760.10
MARKOLINES,EQ,181.32,545231,97898767.89
MARKSANS,EQ,241.10,4278354,1041143614.10
MARSONS,EQ,114.49,2034039,237215794.51
MARUTI,EQ,13545.00,299404,4063662687.00
MASFIN,EQ,315.75,102426,32420799.15
MASTEK,EQ,1715.40,149282,253437230.40
MASTERTR,EQ,85.36,354460,30511856.75
MATRIMONY,EQ,429.95,8213,3545883.70
MAXESTATES,EQ,391.75,137019,53787492.65
MFSL,EQ,1523.30,433346,659805947.30
MAXHEALTH,EQ,1081.00,1578336,1711514970.70
MAXIND,EQ,160.80,24378,3920223.55
MAYURUNIQ,EQ,798.15,49862,39668419.75
MAZDOCK,EQ,2307.40,569931,1323761928.40
MEDIASSIST,EQ,348.15,104446,36565554.05
MEDICAMEQ,EQ,245.20,13790,3400583.40
MEDICO,EQ,38.17,20892,797337.26
MEDPLUS,EQ,691.95,2431192,1651150411.80
MEESHO,EQ,189.87,6671058,1269483669.58
MEGASTAR,EQ,348.30,3755,1311977.60
MOL,EQ,55.79,6983609,395989679.91
MENNPIS,EQ,75.38,205000,15382509.89
MERCANTILE,EQ,24.59,17321,441515.25
METROBRAND,EQ,1061.80,20997,22405117.90
METROGLOBL,EQ,131.28,4803,645749.49
METROPOLIS,EQ,570.10,118276,67563428.05
MIDWESTLTD,EQ,1256.20,7304,9205410.10
MINDACORP,EQ,671.25,112065,75921528.90
MINDTECK,EQ,197.20,36138,7151757.02
ALPHAETF,EQ,25.93,144403,3756103.74
BANKETF,EQ,582.67,8815,5143293.12
BANKPSU,EQ,84.67,13749,1165380.79
CONSUMER,EQ,11.72,380712,4476261.48
DEFENCE,EQ,78.64,172753,13580620.62
DIVIDEND,EQ,35.21,3276,115499.99
ENERGY,EQ,39.59,128696,5103505.97
EQUAL200,EQ,13.78,12986,178994.33
EQUAL50,EQ,331.11,570,188558.12
EVINDIA,EQ,31.82,271256,8656513.31
HEALTHCARE,EQ,21.14,52113,1101520.95
INFRA,EQ,12.24,20199,247660.11
INTERNET,EQ,13.21,75995,1008810.02
ITETF,EQ,30.27,322171,9788872.30
LIQUID,EQ,999.99,198636,198635122.73
LIQUIDPLUS,EQ,1095.44,588786,644989840.09
ESG,EQ,41.47,5461,226560.22
MAFANG,EQ,196.27,36542,7172098.34
BFSI,EQ,27.20,534523,14556820.35
GOLDETF,EQ,140.04,1004814,140670626.69
GSEC10YEAR,EQ,30.38,65395,1983862.66
MAHKTECH,EQ,23.55,551095,12978287.25
MIDCAPETF,EQ,23.43,2761840,64815359.53
MAKEINDIA,EQ,162.61,20959,3409546.64
NIFTYETF,EQ,261.10,327654,85563750.07
LOWVOL,EQ,206.82,745,153911.65
NEXT50,EQ,744.58,21493,16063041.44
SILVERAG,EQ,217.08,105346,22923274.35
MASPTOP50,EQ,78.81,27958,2203369.98
METAL,EQ,12.69,1318353,16755516.01
MIDSMALL,EQ,50.62,158179,8015813.61
MOMMIDCAP,EQ,12.50,511517,6404614.83
MULTICAP,EQ,16.57,139108,2308283.41
SELECTIPO,EQ,45.92,35677,1639979.83
SENSEXETF,EQ,79.17,14098,1118652.04
SMALL250,EQ,17.89,469605,8423733.68
SMALLCAP,EQ,47.27,1277490,60549503.82
TOP20,EQ,8.77,95065,835933.07
VALUE,EQ,16.13,5967,96355.57
MIRZAINT,EQ,36.30,330045,11989975.84
MIDHANI,EQ,402.20,305511,123406759.35
MITTAL,EQ,0.94,77992,73467.56
MMFL,EQ,552.10,114175,63042274.30
MMP,EQ,285.10,53621,15344945.35
MMTC,EQ,62.27,996045,62391289.12
MODTHREAD,EQ,45.06,22,991.45
MODIRUBBER,EQ,126.00,3221,408955.41
MODIS,EQ,408.00,293434,119568170.05
MOHITIND,EQ,22.49,1906,42917.23
MOIL,EQ,270.00,155183,41843265.05
MOKSH,EQ,10.97,74919,834007.34
MOLDTKPAC,EQ,705.00,59106,41768023.75
MOLDTECH,EQ,133.12,46286,6120767.77
MONARCH,EQ,356.35,36026,12805394.75
MONEYBOXX,EQ,58.67,32628,1871145.89
MONTECARLO,EQ,534.85,12624,6755210.25
MOREPENLAB,EQ,53.20,8196539,443782254.44
MOSCHIP,EQ,243.88,4332400,1062819261.55
MSUMI,EQ,40.19,6465613,259317234.74
MOM100,EQ,67.28,254354,17157937.82
MON100,EQ,323.44,94192,30465460.48
MOTILALOFS,EQ,943.05,641164,604345403.60
MOM50,EQ,250.98,1799,452030.34
MOGSEC,EQ,65.10,360,23448.99
MOALPHA50,EQ,53.59,4602,247991.77
MOBANK10,EQ,16.98,32784,557784.42
MOCAPITAL,EQ,53.66,910057,48835803.09
MODEFENCE,EQ,103.28,921590,95423698.04
MOENERGY,EQ,39.45,101168,4002560.03
MOGOLD,EQ,142.35,12103,1724109.30
MOHEALTH,EQ,50.61,80528,4068227.16
MOINFRA,EQ,61.27,2514,154018.00
MOIPO,EQ,46.06,1120,51811.89
MOLOWVOL,EQ,37.00,345,12781.13
MOMENTUM50,EQ,52.88,335600,17785069.87
MOMGF,EQ,159.76,832,133189.32
MOMIDMTM,EQ,62.92,35498,2238659.88
MOMNC,EQ,32.52,121,3943.12
MOMOMENTUM,EQ,61.83,30059,1863590.03
MON50EQUAL,EQ,33.17,4922,163454.69
MONEXT50,EQ,72.26,3359,243197.48
MONIFTY100,EQ,25.28,14016,353745.51
MONIFTY500,EQ,23.63,420514,9964376.62
MONQ50,EQ,140.41,31313,4396658.33
MOPSE,EQ,101.74,637,64868.25
MOQUALITY,EQ,200.72,1266,254434.45
MOREALTY,EQ,90.25,767587,69593541.74
MOSERVICE,EQ,30.95,1333,41297.43
MOSILVER,EQ,220.39,75822,16745678.13
MOSMALL250,EQ,17.97,715409,12875923.65
MOTOUR,EQ,78.11,28088,2200589.99
MOVALUE,EQ,114.04,31633,3613961.38
MOTISONS,EQ,13.46,16136068,219383990.04
MPHASIS,EQ,2273.80,434670,998550236.20
MPSLTD,EQ,2564.50,1207996,3012761791.70
MRF,EQ,132945.00,3057,407480660.00
MRPL,EQ,174.66,16104191,2852366863.76
BECTORFOOD,EQ,207.08,7374244,1518271094.37
MSPL,EQ,35.47,542460,19297099.66
MSTCLTD,EQ,590.45,334722,196978639.90
MUFIN,EQ,126.63,573021,72658361.08
MUKANDLTD,EQ,142.50,113561,16347963.87
MUKKA,EQ,23.00,192366,4428488.14
MCX,EQ,2803.90,980174,2737211474.20
MUNJALAU,EQ,101.94,269330,27440084.63
MUNJALSHOW,EQ,136.25,17246,2347440.39
MURUDCERA,EQ,30.36,14256,435068.87
RADIOCITY,EQ,5.98,47717,286024.45
MUTHOOTCAP,EQ,215.44,26215,5728404.36
MUTHOOTFIN,EQ,3035.60,551311,1693203955.40
MUTHOOTMF,EQ,250.24,548460,137260974.01
NRAIL,EQ,451.95,13381,5997946.40
NBIFIN,EQ,2149.70,26257,55170555.10
NACLIND,EQ,204.89,11867266,2591862777.45
NDGL,EQ,2665.00,135,357013.90
NAGREEKEXP,EQ,22.77,18609,428688.22
NAHARCAP,EQ,251.62,2760,696855.77
NAHARINDUS,EQ,117.31,12513,1473030.32
NAHARPOLY,EQ,272.60,82687,22279773.05
NSIL,EQ,5556.00,2102,11641957.50
NDL,EQ,2.34,360032,845224.38
JAIPURKURT,EQ,27.23,9059,242430.19
NH,EQ,1968.00,289372,570632480.10
NARMADA,EQ,35.75,750943,27196263.51
NATCOPHARM,EQ,934.25,408514,382409266.05
NATHBIOGEN,EQ,161.80,4199,681527.00
NATIONALUM,EQ,342.40,3803051,1301962042.20
NFL,EQ,70.87,405921,28845019.60
NATIONSTD,EQ,354.70,1545,548011.50
NATCAPSUQ,EQ,142.71,962,136147.93
NAVA,EQ,571.15,225764,129777516.25
NAVINFLUOR,EQ,7789.00,188907,1470268663.50
NAVKARCORP,EQ,98.97,1189588,119918952.96
NAVNETEDUL,EQ,144.18,133165,19179611.10
NAZARA,EQ,304.65,1061385,324852925.45
NBCC,EQ,94.74,8605587,817708639.71
NCC,EQ,137.75,1418006,194685867.19
NCLIND,EQ,184.52,22155,4107539.52
NDLVENTURE,EQ,125.90,4529,572120.14
NDRAUTO,EQ,806.50,10078,8160132.25
NDTV,EQ,76.02,499293,38520278.25
NEAGI,EQ,3119.00,6,18544.00
NELCAST,EQ,134.17,295934,40268209.26
NELCO,EQ,934.95,303940,284045323.30
NEOGEN,EQ,2105.20,76636,162038312.00
NEPHROPLUS,EQ,672.65,378990,251293791.05
NESCO,EQ,1059.20,49551,52537237.10
NESTLEIND,EQ,1493.60,6542494,9733938382.30
NETWEB,EQ,4288.70,835107,3613555187.50
NPST,EQ,1539.10,27526,42862277.50
NETWORK18,EQ,28.76,3597831,104314143.03
NEULANDLAB,EQ,18466.00,17420,323234646.00
NEWGEN,EQ,533.15,1565269,830133255.80
NEXTMEDIA,EQ,3.79,2251,8580.38
NGLFINE,EQ,3256.20,6919,22272605.50
NHPC,EQ,80.28,9932836,796062342.95
NIBE,EQ,1539.20,36374,56026651.90
NIITMTS,EQ,233.34,122979,28639844.55
NIITLTD,EQ,95.82,564419,54606299.08
NILAINFRA,EQ,7.22,161596,1173052.27
NILASPACES,EQ,11.98,175053,2106213.92
NILE,EQ,1839.00,2930,5409504.40
NILKAMAL,EQ,1604.30,134235,211160559.00
BANKBEES,EQ,592.24,984531,583937935.78
CONSUMBEES,EQ,131.35,79375,10404971.16
DIVOPPBEES,EQ,76.95,28715,2207535.30
NV20BEES,EQ,139.60,13023,1817443.17
GOLDBEES,EQ,119.14,19008828,2263954440.63
HNGSNGBEES,EQ,478.70,90730,43612674.39
INFRABEES,EQ,965.67,9417,9110782.02
ITBEES,EQ,31.71,10201485,324962342.38
JUNIORBEES,EQ,779.61,277542,216722102.13
LIQUIDBEES,EQ,1000.00,2902207,2902215104.25
LTGILTBEES,EQ,29.88,813309,24302411.36
MID150BEES,EQ,237.07,555788,132030309.44
NIF100BEES,EQ,266.26,22053,5871915.10
NIFTYBEES,EQ,273.36,4687320,1282349160.05
PSUBNKBEES,EQ,93.67,2188476,205480747.15
SHARIABEES,EQ,456.66,3908,1783628.79
NAM-INDIA,EQ,1147.90,930942,1069360748.50
LIQGRWBEES,EQ,1048.54,102899,107893954.13
MANUFGBEES,EQ,160.33,2664,427904.10
AUTOBEES,EQ,281.82,292400,82559629.32
PHARMABEES,EQ,26.51,10171483,268743903.63
SILVERBEES,EQ,213.07,16915600,3616387688.21
SNXT30BEES,EQ,42.37,6600,279243.83
NIRLON,EQ,626.50,4849,3042014.95
NITCO,EQ,105.36,259790,27318180.88
NITINSPIN,EQ,533.55,59211,31745020.15
NITIRAJ,EQ,219.81,6119,1327416.26
NITTAGELA,EQ,1836.50,7171,13329209.70
NIVABUPA,EQ,84.79,1184154,100796343.18
NKIND,EQ,64.98,706,45533.34
NLCINDIA,EQ,287.60,1776696,515012748.45
NMDC,EQ,83.34,12894573,1079994011.33
NSLNISP,EQ,42.24,2059617,87319466.49
NOCIL,EQ,163.99,149391,24499175.91
NORBTEAEXP,EQ,68.50,1464,101238.92
NORTHARC,EQ,299.70,1231713,371374366.65
NOVARTIND,EQ,1699.80,24406,41402898.60
NRBBEARING,EQ,394.20,366070,144125677.40
NIBL,EQ,34.42,87466,3079500.25
NTPCGREEN,EQ,91.30,1768487,162013331.38
NTPC,EQ,350.50,7035952,2457934903.20
NUCLEUS,EQ,743.45,12074,8969339.25
NURECA,EQ,311.13,579742,184614934.40
NUVAMA,EQ,1882.40,96363,181306177.10
NUVOCO,EQ,359.70,1594379,579190469.55
OBCL,EQ,53.00,18119,978146.55
OBEROIRLTY,EQ,1851.50,308272,571728510.20
ONGC,EQ,251.90,10909821,2746204233.04
OIL,EQ,451.15,2534069,1139675149.50
OLAELEC,EQ,36.67,56035343,2090023306.43
OLECTRA,EQ,1345.80,468948,633387314.40
OMINFRAL,EQ,87.19,55623,4880071.67
OMPOWER,EQ,167.11,85020,14249077.71
OMAXE,EQ,89.50,285756,25775468.76
OMNI,EQ,580.65,305799,177007744.05
PAYTM,EQ,1267.00,3940599,5053338301.10
MOBIKWIK,EQ,203.95,625925,128919356.39
ONEPOINT,EQ,54.24,1605417,85314835.14
KISSHT,EQ,339.05,1611543,544941273.75
ONESOURCE,EQ,1671.50,328034,538341756.20
ONWARDTEC,EQ,284.65,95272,27241447.95
OPTIEMUS,EQ,615.45,606196,374819729.00
OFSS,EQ,10851.00,407161,4578921289.00
ORCHASP,EQ,1.66,267566,446636.08
ORCHPHARMA,EQ,1001.00,97478,97447753.45
ORICONENT,EQ,54.89,52798,2937469.94
ORIENTBELL,EQ,314.90,4103,1299575.85
ORIENTCEM,EQ,136.61,142309,19496304.03
ORIENTCER,EQ,40.62,44726,1830660.86
ORIENTELEC,EQ,170.28,3914886,689372648.70
GREENPOWER,EQ,10.35,3089413,32062525.93
ORIENTHOT,EQ,135.49,1451024,200767594.87
ORIENTPPR,EQ,17.20,540587,9244289.00
ORIENTLTD,EQ,71.45,3803,271908.92
ORIENTTECH,EQ,262.95,172210,44853040.60
OAL,EQ,348.60,24769,8608573.40
ORIENTALTL,EQ,5.32,103521,550026.78
ORISSAMINE,EQ,3751.20,6041,22526205.30
ORKLAINDIA,EQ,565.05,32438,18396015.10
OSWALGREEN,EQ,21.37,92058,1981447.09
OSWALPUMPS,EQ,356.35,1927456,700641084.95
PNGJL,EQ,636.60,2511781,1611822108.95
PGHH,EQ,8999.50,23289,207738113.50
PACEDIGITK,EQ,198.35,1036397,207511302.44
PAGEIND,EQ,39820.00,18127,722081845.00
PAISALO,EQ,73.23,10991327,801312464.82
PAKKA,EQ,72.11,56636,4079757.70
PALASHSECU,EQ,89.35,561,50658.30
PANACEABIO,EQ,461.95,684376,320235425.30
PANAMAPET,EQ,457.00,91456,41549472.10
PANSARI,EQ,360.20,3700,1323124.85
PAR,EQ,98.25,30806,3047493.05
PARADEEP,EQ,139.31,1533777,213379688.85
PARAGMILK,EQ,215.89,501277,110274818.09
PARACABLES,EQ,63.20,1420848,90440186.96
PARAS,EQ,1223.10,1060973,1296500669.90
PARASPETRO,EQ,1.99,63730,127013.31
PARKHOSPS,EQ,281.60,720765,201540089.40
PARKHOTELS,EQ,127.18,85533,10893224.57
PASHUPATI,EQ,86.69,27541,2403418.63
PATANJALI,EQ,336.15,3209073,1079482367.40
PATELENG,EQ,29.05,2665586,77759018.63
PATELRMART,EQ,214.89,49136,10554412.27
PML,EQ,487.45,443,217124.85
PAUSHAKLTD,EQ,546.40,28346,15442190.90
PAVNAIND,EQ,16.45,42784,692285.56
POLICYBZR,EQ,1548.20,1008060,1557865813.10
PCJEWELLER,EQ,9.87,273901220,2720059151.91
PCBL,EQ,322.10,760531,247242658.00
PDSL,EQ,356.65,123745,44476900.15
PGIL,EQ,2004.50,79891,159268541.90
PENIND,EQ,164.83,181314,30000898.54
PERSISTENT,EQ,5098.80,385227,1968979435.00
PETRONET,EQ,279.65,3065377,854880934.00
PFIZER,EQ,4644.60,25438,117661667.20
PGEL,EQ,575.40,3734783,2165208318.70
PWL,EQ,131.91,1936567,256045842.03
PIIND,EQ,2697.60,374117,1016947309.40
PICCADIL,EQ,745.00,181301,135737256.80
PIDILITIND,EQ,1608.60,1518908,2419001159.80
PILANIINVS,EQ,4352.20,691,3013324.80
PINELABS,EQ,146.89,8498422,1259699140.69
PIONEEREMB,EQ,21.99,41656,919253.49
PIONRINV,EQ,94.35,10305,989700.69
PIRAMALFIN,EQ,2146.70,193953,420098575.80
PPLPHARMA,EQ,177.10,8814625,1575479805.36
PITTIENG,EQ,927.70,16223,15082151.75
PIXTRANS,EQ,1816.90,16882,30338038.40
PLASTIBLEN,EQ,194.41,97379,19131600.86
PLATIND,EQ,228.78,38161,8747115.41
PNBGILTS,EQ,85.56,355784,30738683.26
PNBHOUSING,EQ,1082.30,634275,685602844.90
PNCINFRA,EQ,234.38,260860,61696272.56
PNGSREVA,EQ,414.10,82425,34257085.45
PODDARMENT,EQ,265.52,7384,1967772.28
POKARNA,EQ,945.60,47848,45853437.90
POLYMED,EQ,1674.40,129502,218432274.20
POLYCAB,EQ,9090.50,588610,5340702056.50
POLYPLEX,EQ,1115.05,270620,299463801.15
POCL,EQ,537.90,442671,238696691.60
PONNIERODE,EQ,317.40,15437,4890120.90
POONAWALLA,EQ,473.00,1437015,674909752.75
PVSL,EQ,105.43,57634,5981244.60
PFC,EQ,412.30,2654166,1093338908.30
POWERGRID,EQ,289.30,4595987,1322588739.65
PIGL,EQ,109.30,15004,1645742.27
POWERMECH,EQ,2539.30,34744,88308946.10
POWERICA,EQ,554.05,115210,64099698.50
PRABHA,EQ,142.53,44506,6375574.35
PRAJIND,EQ,326.55,497226,163498810.20
PRAENG,EQ,19.65,8225,164019.54
PRAKASH,EQ,123.91,411154,50867127.81
PRAKASHSTL,EQ,4.01,62809,252913.11
DIAMONDYD,EQ,1132.00,7836,8871253.40
PRAVEG,EQ,293.48,224796,67578917.67
PRECAM,EQ,140.53,45654,6430548.10
PRECWIRE,EQ,372.15,315654,117159961.10
PRECOT,EQ,834.45,8297,6993845.75
PREMCO,EQ,367.35,650,240023.05
PREMIERENE,EQ,1021.90,1272619,1296581701.60
PREMEXPLN,EQ,675.25,625385,419414601.60
PREMIERPOL,EQ,79.48,1761078,139977167.08
PRESTIGE,EQ,1663.10,723434,1207122266.80
PRICOLLTD,EQ,605.30,377099,227640107.10
PFOCUS,EQ,285.35,294082,84399436.55
PRIMESECU,EQ,271.60,5797,1581326.50
PRIMO,EQ,22.59,102184,2314398.16
PRINCEPIPE,EQ,260.70,102348,26719258.35
PRSMJOHNSN,EQ,108.99,159565,17517210.11
PNC,EQ,19.71,2571,51543.43
PRIVISCL,EQ,3676.40,107767,400525010.90
PGHL,EQ,6712.00,5609,37718571.00
PROSTARM,EQ,124.15,91188,11362518.28
PROTEAN,EQ,584.50,114631,67186865.10
PROZONER,EQ,41.69,175234,7364104.01
PRUDENT,EQ,2870.50,7796,22488642.40
PSPPROJECT,EQ,1056.20,38310,40530669.50
PFS,EQ,29.50,238460,7046349.23
PTC,EQ,167.71,626978,105385759.31
PTCIL,EQ,17777.00,12435,221220139.00
PTL,EQ,39.57,34547,1367182.84
PDMJEPAPER,EQ,89.69,378074,33716033.15
PSB,EQ,24.43,985734,24086417.00
PUNJABCHEM,EQ,1125.50,9283,10382854.00
PNB,EQ,110.73,20951785,2327349380.36
PURVA,EQ,215.26,188933,40697072.43
PVP,EQ,28.14,103857,2958133.57
PVRINOX,EQ,992.65,99257,98978689.40
PYRAMID,EQ,161.22,13330,2154075.75
QMSMEDI,EQ,111.50,42950,4842428.89
QUADFUTURE,EQ,386.30,176837,68739635.35
QGOLDHALF,EQ,119.35,89746,10711545.33
QNIFTY,EQ,264.05,445,117651.70
QUESS,EQ,295.65,151374,44563210.25
QUINT,EQ,38.16,72,2767.36
RKSWAMY,EQ,99.54,40573,4070288.46
RMDRIP,EQ,18.53,1301660,24320832.87
RRIL,EQ,16.83,19306,325020.64
RRKABEL,EQ,2432.40,1392986,3373388198.40
RSDFIN,EQ,82.98,5,414.90
RSYSTEMS,EQ,239.01,346418,83623607.24
RNBDENIMS,EQ,9.45,220873,2089302.91
RPPINFRA,EQ,61.88,36942,2314863.25
RACE,EQ,109.64,690,74883.91
RACLGEAR,EQ,1347.30,42115,57869800.70
RADAAN,EQ,2.95,6342,18771.89
RADHIKAJWE,EQ,65.66,1369620,91544425.11
RADIANTCMS,EQ,37.43,193259,7178210.54
RADICO,EQ,4147.50,252702,1041092160.00
RPEL,EQ,1274.50,33656,42313900.90
RVNL,EQ,223.11,3034876,676967179.02
RAILTEL,EQ,289.90,424492,123150249.70
RAIN,EQ,216.64,3864875,849096549.14
RAINBOW,EQ,1489.90,77418,114463121.10
ROML,EQ,44.68,1527,68089.35
RAJTV,EQ,12.01,8617,103103.45
RAJPALAYAM,EQ,820.70,1797,1478302.95
ARENTERP,EQ,41.22,36878,1501264.49
RAJMET,EQ,3.43,379642,1244623.41
RSL,EQ,133.76,495958,66840785.26
RAJRATAN,EQ,495.35,139256,69533131.25
RPPL,EQ,21.57,69600,1507706.10
RAJSREESUG,EQ,30.86,18853,586567.51
RALLIS,EQ,227.71,1522709,347169867.75
RAMRAT,EQ,416.60,63764,26504533.00
RAMAPHO,EQ,124.93,13592,1690356.20
RAMCOIND,EQ,340.40,96567,33100172.80
RAMCOSYS,EQ,816.45,1202339,973809200.75
RKFORGE,EQ,575.70,1008905,580775496.95
RAMKY,EQ,377.40,40697,15338572.65
RANASUG,EQ,11.79,65695,776595.99
RML,EQ,1145.00,25430,29419431.60
RANEHOLDIN,EQ,1732.30,10070,17369710.60
RPTECH,EQ,744.95,116079,86548652.70
RCF,EQ,126.01,473781,59661655.62
RATEGAIN,EQ,896.40,462325,415757870.65
RATNAMANI,EQ,2478.90,31155,77302403.00
RATNAVEER,EQ,175.34,489756,85567167.86
RTNINDIA,EQ,32.05,623537,20004437.99
RTNPOWER,EQ,8.62,11043789,95803837.12
RKDL,EQ,19.21,1278,24309.14
RVHL,EQ,45.18,1976,91188.89
RELTD,EQ,174.55,172262,30164858.30
RAYMONDLSL,EQ,711.20,88734,63022390.75
RAYMOND,EQ,606.05,265926,160711801.25
RAYMONDREL,EQ,667.20,633181,422293295.10
RBLBANK,EQ,355.50,4420773,1582273358.85
RBZJEWEL,EQ,146.59,96321,14351420.76
RECLTD,EQ,360.65,2248543,809428899.45
REDINGTON,EQ,265.85,1027050,273129852.25
REDTAPE,EQ,129.99,239327,31160312.08
REFEX,EQ,311.35,526846,162691809.75
REGENCERAM,EQ,33.91,2538,86698.85
RELAXO,EQ,401.50,821527,330171909.95
GILT5YBEES,EQ,65.92,250475,16515908.09
RELIABLE,EQ,146.52,2069,302573.67
RELCHEMQ,EQ,129.64,6230,808066.13
RIIL,EQ,747.75,51293,38613901.60
RELIANCE,EQ,1288.60,10840383,13995001337.70
RPOWER,EQ,24.17,12384558,299656504.12
RELIGARE,EQ,261.70,494952,127548433.65
REMSONSIND,EQ,79.57,66103,5281347.12
RGL,EQ,120.12,277443,33408565.82
REPCOHOME,EQ,392.40,47445,18703206.90
REPRO,EQ,370.30,1899,705636.30
RESPONIND,EQ,178.98,875437,157434029.07
RBA,EQ,65.93,1820051,120263043.46
RVTH,EQ,697.45,458,322940.75
RHETAN,EQ,28.48,2025881,57487464.86
RHIM,EQ,398.45,546639,219967976.75
RICOAUTO,EQ,133.89,1367852,184393423.30
RIR,EQ,160.33,77031,12407637.36
RISHABH,EQ,648.70,164665,106784480.40
RITCO,EQ,288.10,213035,60901070.60
RITES,EQ,216.02,360633,77994601.25
RKEC,EQ,25.71,24026,621467.80
RMC,EQ,262.30,32881,8823229.70
RHL,EQ,171.14,25914,4427584.19
ROLEXRINGS,EQ,143.54,2157493,308654060.41
ROSSARI,EQ,496.70,109425,54627063.25
ROSSELLIND,EQ,58.79,41374,2465734.57
ROSSTECH,EQ,995.30,57714,57418001.50
ROTO,EQ,68.38,353092,24080303.30
ROUTE,EQ,567.05,112525,63931704.30
ROHLTD,EQ,313.80,32348,10154969.90
RPGLIFE,EQ,3004.90,35062,104881868.10
RPSGVENT,EQ,911.20,14030,12785729.85
RUBFILA,EQ,72.83,5490,400814.38
RUBICON,EQ,1466.40,386105,570101397.00
RUCHINFRA,EQ,5.91,41998,252835.71
RUCHIRA,EQ,107.37,91108,9789464.34
RUPA,EQ,163.28,80904,13217711.79
RUSHIL,EQ,17.55,3047514,52592863.73
SCHAND,EQ,149.31,35056,5209744.17
SHK,EQ,138.88,701639,97726551.07
S&SPOWER,EQ,342.05,1115,376261.55
SPAL,EQ,972.60,66058,64579340.80
SAATVIKGL,EQ,444.75,63245,28078159.35
SABEVENTS,EQ,7.75,19977,154116.73
SADBHAV,EQ,7.73,150750,1171574.05
SAFARI,EQ,1578.60,15973,25333457.20
SAGCEM,EQ,180.46,44791,8129948.83
SAGARDEEP,EQ,24.56,13628,337114.02
SAGILITY,EQ,41.16,34577602,1434031423.83
SAHYADRI,EQ,280.80,4117,1157909.10
SAILIFE,EQ,1250.50,443025,556355056.40
SAIPARENT,EQ,551.05,71839,39590497.75
KALAMANDIR,EQ,86.61,1194688,104695563.70
SAKAR,EQ,837.25,133451,113445477.70
SAKSOFT,EQ,169.03,746416,127122664.56
SAKHTISUG,EQ,17.10,65643,1130502.19
SALASAR,EQ,5.93,2155903,12826919.96
SALONA,EQ,258.20,22,5621.80
SALZERELEC,EQ,578.65,21378,12413202.05
SAMBHAAV,EQ,6.07,2654,16181.70
SAMBHV,EQ,116.17,626885,73158913.76
SAMHI,EQ,163.67,540226,88383000.10
SAMMAANCAP,EQ,163.59,8124047,1337913183.86
SAMPANN,EQ,27.36,10184,275043.37
MOTHERSON,EQ,143.60,15608148,2277592584.30
SANATHAN,EQ,495.60,96141,46696055.60
SANDESH,EQ,973.15,211,208739.95
SANDHAR,EQ,599.20,111082,67148131.65
SANDUMA,EQ,194.94,407451,79544005.14
SANGAMIND,EQ,621.90,52084,31965871.65
SANGHVIMOV,EQ,429.75,150268,64742052.65
SANOFICONR,EQ,4615.40,5021,23016456.80
SANOFI,EQ,3409.40,14835,50402370.80
SANSERA,EQ,3255.20,181630,596645475.70
SANSTAR,EQ,106.48,250384,26500478.33
SAPPHIRE,EQ,180.45,364992,65760626.92
ZSARACOM,EQ,12429.00,25,315858.00
SSDL,EQ,52.11,16173,847432.99
SARDAEN,EQ,499.40,124774,62719120.55
SAREGAMA,EQ,489.40,398827,198594779.20
SARLAPOLY,EQ,102.13,53567,5429786.36
SMLT,EQ,66.63,686,45902.19
SASKEN,EQ,1905.40,35084,66773717.20
SATIA,EQ,58.92,153250,8909665.94
SATIN,EQ,251.85,301434,76752844.18
SAURASHCEM,EQ,57.84,98256,5744938.16
SOTL,EQ,596.15,171529,101583764.95
SBC,EQ,42.12,8824126,371693759.62
SBFC,EQ,92.34,499936,46367794.56
SBICARD,EQ,626.85,1812968,1144253749.60
SBIFUNDS,EQ,584.70,15289956,9047700088.05
SBILIFE,EQ,1806.70,484506,875283865.20
SETFGOLD,EQ,123.00,2495812,306734843.01
SETFNIF50,EQ,258.36,1096547,283395132.10
SETFNIFBK,EQ,587.69,175885,103420428.56
SETFNN50,EQ,774.58,20167,15633749.87
LIQUIDSBI,EQ,1000.00,1926,1926012.60
SBIBPB,EQ,48.66,54249,2643675.54
SBIETFCON,EQ,121.51,3650,443380.03
SBIETFIT,EQ,317.53,30615,9724721.23
SBIETFPB,EQ,281.22,121611,34079230.11
SBIETFQLTY,EQ,220.41,1168,257308.58
SBILIQETF,EQ,1048.50,20020,20990839.12
SBIMIDMOM,EQ,62.42,15826,987147.19
SBINEQWETF,EQ,33.42,26580,885158.28
SBINMID150,EQ,22.99,12365,285083.49
SBISILVER,EQ,218.41,547468,119891152.85
SBISMLETF,EQ,17.92,92897,1665832.23
SBIVALETF,EQ,14.91,16420,245371.80
SETF10GILT,EQ,265.27,482,127344.74
SCANSTL,EQ,47.95,170471,8119370.73
SCHAEFFLER,EQ,4199.20,62994,263085962.40
SCHNEIDER,EQ,1342.30,130001,174935194.70
SCODATUBES,EQ,141.70,68367,9708091.54
SEAMECLTD,EQ,1370.70,59270,81169699.00
SECMARK,EQ,127.00,103,12892.39
SECURKLOUD,EQ,17.88,5348,94870.91
SEDEMAC,EQ,2775.20,156018,430721271.10
SELMC,EQ,28.44,2251,64068.65
SENCO,EQ,391.65,5477340,2147294505.10
SENORES,EQ,1393.40,360744,503564816.40
SEPC,EQ,6.01,7725386,46545728.05
SERVOTECH,EQ,99.93,4003512,409401657.17
STYL,EQ,389.25,481950,186969718.70
SESHAPAPER,EQ,220.62,160695,36137020.10
SGFIN,EQ,665.65,441350,290961601.80
SGMART,EQ,660.70,267351,174547104.80
SHADOWFAX,EQ,217.15,890153,194412901.63
SHAHALLOYS,EQ,66.38,4152,273622.67
SHAH,EQ,4.33,1839477,7962983.85
SHAILY,EQ,2884.50,118881,340301292.90
SHAKTIPUMP,EQ,537.50,366327,196401444.75
SHALBY,EQ,163.77,34102,5585133.70
SAHLIBHFI,EQ,77.09,4577,352588.90
SHALPAINTS,EQ,67.06,520319,35058883.18
SRD,EQ,37.76,11977,455811.63
SHANKARA,EQ,139.63,210744,29451451.36
BUILDPRO,EQ,1212.00,28620,34733622.50
SHANTIGEAR,EQ,413.30,15752,6552646.70
SEIL,EQ,210.01,1680836,352881172.57
SHANTIGOLD,EQ,206.79,1334623,281899595.39
SHANTI,EQ,6.90,12405,85685.05
SHINDL,EQ,160.35,93582,15025673.33
SHARDACROP,EQ,873.15,99257,87029866.50
SHARDAMOTR,EQ,838.55,33154,27787260.00
SHAREINDIA,EQ,190.73,3799960,721676252.36
SFL,EQ,745.65,185014,138458604.70
SCPL,EQ,582.60,323474,185625679.25
SHILCTECH,EQ,4164.00,27466,115730002.90
SHILPAMED,EQ,613.35,544293,337004065.75
SCILAL,EQ,42.00,145619,6062182.11
SCI,EQ,268.80,1792928,487040905.30
SHIVAUM,EQ,404.55,7455,3073204.50
SHIVATEX,EQ,149.39,24,3583.51
SBCL,EQ,741.90,186775,139219848.10
SHOPERSTOP,EQ,375.70,71168,27020252.35
SHRADHA,EQ,35.03,34834,1228528.94
SHREEPUSHK,EQ,388.90,41277,16250810.30
SAPPL,EQ,294.60,413,122640.00
SHREECEM,EQ,26720.00,11733,314232225.00
SHREDIGCEM,EQ,74.45,90284,6679961.65
SRTL,EQ,41.00,30728,1259479.46
SHREERAMA,EQ,40.60,55900,2288473.00
RAMANEWS,EQ,27.93,39441,1109392.57
RENUKA,EQ,22.02,2561943,56514295.77
BALAJEE,EQ,27.99,15915,446519.36
SHREEJISPG,EQ,626.10,537057,332168335.80
OSWALSEEDS,EQ,10.05,59358,603408.18
SHREYANIND,EQ,134.89,24428,3284325.95
SHBAJRG,EQ,192.20,3537,678871.31
SHRIKRISH,EQ,43.00,35,1508.91
SHRINGARMS,EQ,220.13,410375,90414776.30
LIQUIDSHRI,EQ,1113.99,11416,12717508.86
SHRIRAMFIN,EQ,1058.80,3460386,3651800896.60
SHRIRAMPPS,EQ,85.48,344269,29583818.78
SHYAMMETL,EQ,1030.15,276198,286309417.80
SICAGEN,EQ,51.19,6414,327444.03
SICALLOG,EQ,99.26,247120,25162606.76
ENRIN,EQ,3373.40,163116,552400539.30
SIEMENS,EQ,3649.40,226832,832486218.80
SIGMA,EQ,38.26,51850,1985293.71
SIGNATURE,EQ,781.10,217530,170884052.15
SIGIND,EQ,44.35,13181,587979.44
SIGNPOST,EQ,292.45,187465,55419009.05
SIKA,EQ,1164.80,46945,55087597.60
SIKKO,EQ,4.75,638790,3046541.46
SILINV,EQ,420.70,1358,571046.90
SILGO,EQ,74.68,160985,11999051.53
SILLYMONKS,EQ,16.18,1624,26307.41
SILVERTUC,EQ,195.93,303960,59917600.77
SIMPLEXINF,EQ,242.15,141595,34307074.30
SINCLAIR,EQ,74.29,10827,811650.91
SINDHUTRAD,EQ,25.05,7086905,177398538.08
SINGERIND,EQ,65.27,25004,1633148.58
SINTERCOM,EQ,81.99,65893,5398107.08
SIRCA,EQ,393.50,256493,101315820.75
SIS,EQ,437.10,240918,105828093.60
SIYSIL,EQ,627.85,35183,22189875.60
SJS,EQ,2240.20,80609,179098603.00
SJVN,EQ,68.66,2151266,146709494.21
SKFINDUS,EQ,2736.50,31157,86103234.00
SKFINDIA,EQ,1500.40,136010,202060654.30
SKIPPER,EQ,530.25,393479,210732940.50
SKMEGGPROD,EQ,314.05,267316,83592267.40
SKYGOLD,EQ,671.25,1416305,954545818.30
SMARTWORKS,EQ,489.15,1904517,955157563.60
SMCGLOBAL,EQ,79.79,474843,37664155.23
SMLMAH,EQ,3961.70,66615,266434912.30
SMSPHARMA,EQ,386.55,139978,53575280.35
SNOWMAN,EQ,36.67,74752,2731853.22
SOBHA,EQ,1426.00,244909,351650668.30
SOLARINDS,EQ,18856.00,80465,1522237986.00
SOLARA,EQ,536.15,478328,252466366.95
SOLARWORLD,EQ,195.55,116084,22671944.84
SOLEX,EQ,952.60,25277,24411770.40
SDBL,EQ,74.34,5290568,395593975.75
SOMATEX,EQ,100.62,3190,323096.25
SOMANYCERA,EQ,503.60,39674,20022140.60
SOMICONVEY,EQ,98.79,18636,1853378.75
SONACOMS,EQ,726.50,2080575,1511725307.35
SONAL,EQ,91.30,29,2647.70
SONAMLTD,EQ,53.56,26987,1478118.06
SONATSOFTW,EQ,295.60,718616,212164646.20
SOUTHWEST,EQ,242.56,797274,193446436.68
SPCENET,EQ,3.60,280473,1018279.29
SPANDANA,EQ,285.30,371779,108119812.05
SPECIALITY,EQ,132.12,22724,2997288.99
SPECTRUM,EQ,2134.50,58170,125012075.10
SPENCERS,EQ,34.48,21156,735488.81
SPIC,EQ,65.64,167988,11067290.45
SPLIL,EQ,31.90,57198,1809066.88
SPMLINFRA,EQ,201.53,109956,22293120.07
SPORTKING,EQ,200.92,381714,76835641.22
SHRIPISTON,EQ,4394.40,100686,443068507.00
SRHHYPOLTD,EQ,484.60,1517,737578.45
SREEL,EQ,225.65,49503,11307342.99
SRF,EQ,2867.20,1576048,4530634475.10
SRGHFL,EQ,307.00,941,292169.65
HAVISHA,EQ,1.19,81776,99694.29
LOTUSDEV,EQ,162.70,18438054,2942357734.09
SRM,EQ,510.25,93048,47480116.95
STALLION,EQ,250.63,9900632,2439241513.39
SETL,EQ,287.85,667026,194369879.00
SIL,EQ,16.00,23368,374031.88
STANLEY,EQ,154.98,99082,15341727.79
STARCEMENT,EQ,205.71,145740,30028980.16
STARHEALTH,EQ,579.95,120717,69813725.30
STARPAPER,EQ,147.06,67828,10050313.48
STARTECK,EQ,264.55,8585,2291530.10
SBIN,EQ,1025.00,11227214,11509446587.70
SAIL,EQ,161.98,11621931,1888879895.51
STEELCITY,EQ,75.31,2815,213097.21
STEELXIND,EQ,11.75,1238698,14542052.15
SSWL,EQ,279.69,1589890,450897390.63
STEELCAS,EQ,306.65,36366,11135582.50
STEL,EQ,541.75,4277,2352407.75
SGL,EQ,9.99,7564,75062.46
STOVEKRAFT,EQ,762.65,59708,45521315.90
STAR,EQ,1040.70,282236,289180034.70
SWSOLAR,EQ,205.04,1147746,235719414.78
STUDDS,EQ,444.85,25710,11423874.70
STYLAMIND,EQ,3587.40,1979903,7551398705.80
STYRENIX,EQ,2431.90,56140,135621411.20
SUBROS,EQ,794.90,27021,21452043.05
SUDARSCHEM,EQ,1030.40,92535,96033807.30
SUDARCOLOR,EQ,360.85,7957,2872470.75
SUDEEPPHRM,EQ,849.80,106797,91488323.30
SUKHJITS,EQ,163.94,7281,1193112.91
SULA,EQ,148.55,223469,33188266.27
SUMEETINDS,EQ,31.87,35386,1127751.82
SUMICHEM,EQ,531.20,294276,156324296.60
SUMMITSEC,EQ,1464.10,1723,2541853.70
SPARC,EQ,213.96,2066585,445399137.96
SUNPHARMA,EQ,1943.00,1718430,3334574331.50
SUNTV,EQ,490.80,79598,39229641.60
SUNCLAY,EQ,1354.60,1657,2244312.40
SUNDARMFIN,EQ,4420.00,39053,172552427.90
SUNDARAM,EQ,1.26,499644,632024.01
SUNDRMFAST,EQ,952.25,37161,35381415.90
SUNDROP,EQ,651.85,20773,13498749.55
SUNFLAG,EQ,350.25,119979,42467571.60
SUNTECK,EQ,290.70,908279,270943803.10
SUPERHOUSE,EQ,164.38,48911,8162625.29
SUPRAJIT,EQ,486.80,75050,36729421.90
SUPREME,EQ,44.73,24915,1120519.06
SUPREMEIND,EQ,3452.80,110536,377856103.50
SUPREMEINF,EQ,89.78,424070,38193307.51
SPLPETRO,EQ,734.30,392714,290719886.30
SUPRIYA,EQ,840.20,202358,170939901.50
SURAJEST,EQ,194.33,26718,5203282.28
SURAJLTD,EQ,226.17,388,87969.98
SURAKSHA,EQ,259.60,24456,6354666.65
SURANASOL,EQ,26.29,17468,459247.99
SURANAT&P,EQ,18.04,67990,1225394.19
SBGLP,EQ,25.52,7762,197424.13
SURYAROSNI,EQ,235.50,347369,81556913.05
SURYALAXMI,EQ,55.79,1576,89154.58
SURYALA,EQ,431.10,1306,564121.20
SURYODAY,EQ,181.27,348844,64437538.94
SUVEN,EQ,319.35,863448,279210343.15
SUVIDHAA,EQ,2.54,38645,98431.81
SUYOG,EQ,851.75,14271,12042547.35
SUZLON,EQ,53.01,55827250,2957865775.82
SWANCORP,EQ,309.20,759951,236021641.65
SWARAJENG,EQ,3587.10,10535,37761231.00
SWELECTES,EQ,607.15,8636,5257001.30
SWIGGY,EQ,263.85,7618640,2025743804.34
SYMPHONY,EQ,694.20,61517,42676227.45
SYNCOMF,EQ,13.19,1169006,15494259.64
SGIL,EQ,582.50,5894,3448355.90
SYNGENE,EQ,406.40,783812,319034950.25
SYRMA,EQ,1363.50,479123,657717749.30
TTL,EQ,6.44,107931,691211.67
TAALTECH,EQ,3825.80,1382,5291813.70
TAINWALCHM,EQ,203.11,7356,1511806.96
TAJGVK,EQ,358.00,84824,29970227.10
TAKE,EQ,20.64,1668448,34470723.51
TALBROAUTO,EQ,407.60,104621,42533754.15
TMB,EQ,810.65,105650,85698484.05
TNPL,EQ,143.11,593549,86252174.19
TNPETRO,EQ,93.42,46163,4320706.70
TNTELE,EQ,9.04,27665,248852.73
TANLA,EQ,561.60,494751,277657241.95
TARACHAND,EQ,55.48,56065,3124725.62
TARAPUR,EQ,17.56,44021,793977.88
TARC,EQ,122.71,6561108,807846839.46
TARMAT,EQ,50.32,30851,1555238.01
TARSONS,EQ,306.25,503839,155512892.90
TASTYBITE,EQ,8958.00,1443,12979254.50
TATACAP,EQ,347.35,840599,291611680.65
TATACHEM,EQ,691.65,582006,405492946.15
TATACOMM,EQ,1761.40,1705525,2982222737.90
TCS,EQ,2208.30,1599665,3537839940.50
TATACONSUM,EQ,1094.90,1519534,1654025788.90
TATAELXSI,EQ,3406.60,367148,1253047057.20
TATAINVEST,EQ,642.50,172483,111437234.50
TMCV,EQ,405.45,4090806,1659476540.60
TMPV,EQ,327.70,8609616,2836401088.00
TATAPOWER,EQ,378.55,2152210,815238679.25
TATASTEEL,EQ,186.53,16643117,3098045460.29
TATATECH,EQ,712.45,431450,309760376.90
TTML,EQ,40.60,13839247,569577384.25
NETF,EQ,260.81,777,202678.31
NPBET,EQ,284.98,1796,511535.60
TNIDETF,EQ,84.11,38901,3285224.32
TATAGOLD,EQ,14.00,38467711,538418655.60
TATSILV,EQ,21.65,35693218,775231057.94
TATVA,EQ,1664.90,351410,588837867.50
TBOTEK,EQ,1469.10,54854,80281343.90
TCC,EQ,275.30,62963,17322870.45
TCIEXP,EQ,580.70,36118,20898864.85
TCPLPACK,EQ,3310.00,10807,36083272.40
TDPOWERSYS,EQ,1160.70,557333,646075806.40
TEAMGTY,EQ,221.82,1025,235830.90
TEAMLEASE,EQ,1338.40,72641,97277992.80
TPHQ,EQ,0.41,2571185,1061940.99
TECHM,EQ,1560.60,975901,1523607707.90
TECHNOE,EQ,1010.20,114792,116047812.80
TIIL,EQ,2529.80,9821,25081830.00
TECHNVISN,EQ,3691.60,727,2630548.50
TECILCHEM,EQ,9.66,1813,17726.45
TEGA,EQ,1567.40,97381,154317315.80
TEJASNET,EQ,520.55,1140808,598307458.55
TEMBO,EQ,526.10,149961,80377415.45
TENNIND,EQ,558.55,530429,298688070.20
TERASOFT,EQ,387.70,7900,3097637.10
TEXINFRA,EQ,113.35,94111,10648055.47
TEXRAIL,EQ,111.31,1107663,124040383.33
TEXMOPIPES,EQ,42.96,6504,279195.67
TGBHOTELS,EQ,9.07,802608,7839102.39
THAKDEV,EQ,155.88,792,121835.84
THANGAMAYL,EQ,6476.00,103870,670891035.50
ANUP,EQ,2087.90,18195,38262125.80
GESHIP,EQ,1435.20,436604,626201343.60
GROBTEA,EQ,901.30,4,3635.30
INDIACEM,EQ,409.65,776700,318565348.35
INDHOTEL,EQ,724.85,3965242,2877060158.15
THEINVEST,EQ,96.37,3884,377218.41
NIACL,EQ,175.14,529996,92922500.02
PKTEA,EQ,743.40,10,7434.00
PHOENIXLTD,EQ,2055.60,470021,969478926.10
RAMCOCEM,EQ,907.00,85725,78092933.95
SOUTHBANK,EQ,48.00,24456012,1173717420.67
STCINDIA,EQ,118.36,19919,2359804.33
UGARSUGAR,EQ,39.31,67096,2641576.03
WIPL,EQ,169.94,330,55933.45
THEJO,EQ,1895.00,3271,6231276.40
THEMISMED,EQ,108.23,85715,9463773.69
THERMAX,EQ,4718.50,129520,616288414.00
TIRUMALCHM,EQ,165.79,747990,121989842.13
THOMASCOOK,EQ,101.97,435353,44698458.29
THOMASCOTT,EQ,291.20,26757,7850664.60
THYROCARE,EQ,557.95,380757,214531818.90
TIJARIA,EQ,4.51,114757,518326.93
TIL,EQ,209.99,300174,62929410.63
TI,EQ,441.75,229044,101935513.15
TIMETECHNO,EQ,203.10,2443956,500528534.08
TIMEX,EQ,556.10,101311,56714996.40
TIMKEN,EQ,3073.10,21271,65509976.30
TINNARUBR,EQ,1090.35,446085,488611852.65
TIPSFILMS,EQ,312.60,3256,1030930.95
TIPSMUSIC,EQ,622.85,2886455,1861788304.05
TIRUPATIFL,EQ,81.55,3362807,274630441.86
TITAGARH,EQ,819.70,405666,334541718.65
TITAN,EQ,4711.60,996475,4695772746.10
TOLINS,EQ,104.32,41670,4343972.79
TORNTPHARM,EQ,5033.40,290320,1453139705.20
TORNTPOWER,EQ,1433.10,303353,434727450.60
TOTAL,EQ,49.82,19732,1007614.16
TOUCHWOOD,EQ,67.66,132,8947.97
TFCILTD,EQ,81.81,6962746,572856699.13
TPLPLASTEH,EQ,78.67,97752,7778702.50
TRACXN,EQ,30.05,97254,2912602.18
TARIL,EQ,307.15,3225055,1009077473.55
TREL,EQ,24.68,60804,1478754.56
TRANSPEK,EQ,1024.40,8290,8557224.75
TCI,EQ,926.00,24993,23215257.65
TRANSRAILL,EQ,481.90,269855,130653047.10
TFL,EQ,10.63,3016,32689.09
TRAVELFOOD,EQ,1285.10,10138,13146203.80
TREEHOUSE,EQ,6.24,8651,54241.33
TREJHARA,EQ,140.69,99284,13757514.82
TRENT,EQ,2887.30,628545,1810797412.90
TRF,EQ,233.10,58506,13907226.21
TBZ,EQ,264.37,2154743,573360463.00
TRIDENT,EQ,25.45,59626244,1547948230.21
TRIGYN,EQ,53.28,14938,807146.03
TRITURBINE,EQ,613.60,290222,178884350.95
TRUALT,EQ,430.60,269100,113721586.60
TRU,EQ,4.96,219557,1083776.64
TSFINV,EQ,443.20,133806,60361822.65
TTKHLTCARE,EQ,1006.00,8947,9100036.35
TTKPRESTIG,EQ,657.10,34981,22941894.35
TIINDIA,EQ,2903.70,204286,593196910.80
TURTLEMINT,EQ,130.50,743554,98939369.70
TVTODAY,EQ,119.15,13210,1594198.86
TVVISION,EQ,4.77,11661,55409.36
TVSELECT,EQ,494.75,38278,18938828.05
TVSHLTD,EQ,14847.00,93079,1391810798.00
TVSMOTOR,EQ,3907.60,3225267,12659378113.30
TVSSRICHAK,EQ,3956.90,3312,13173274.20
TVSSCS,EQ,133.77,354941,47459285.94
TICL,EQ,9.70,252256,2481253.96
UYFINCORP,EQ,17.24,278208,4802012.87
UCAL,EQ,118.05,16842,1958231.30
UCOBANK,EQ,26.55,4163323,110790577.40
USK,EQ,22.14,16065,350546.25
UFLEX,EQ,490.70,11738381,5787039163.10
UFO,EQ,67.10,25333,1703413.49
UGROCAP,EQ,94.90,145137,13763475.34
UEL,EQ,121.42,7286,881600.51
UJJIVANSFB,EQ,65.05,8397651,547407144.35
ULTRAMAR,EQ,381.00,14676,5625747.90
ULTRACEMCO,EQ,11893.00,283753,3394995582.00
UMIYA-MRO,EQ,90.03,5494,495470.82
UNICHEMLAB,EQ,528.55,314223,171788691.05
UNIECOM,EQ,85.06,257000,21856755.44
UNIMECH,EQ,1235.80,87795,109749308.90
UNIONBANK,EQ,170.64,10788134,1854325537.69
UNIONGOLD,EQ,141.30,1938,273912.80
UNIPARTS,EQ,676.35,60569,41045028.45
UNIENTER,EQ,99.52,9787,987336.54
UNITECH,EQ,4.48,1994914,8988449.25
UBL,EQ,1431.00,312669,446441117.80
UFBL,EQ,666.75,35169,23149636.65
UNITEDTEA,EQ,473.55,1465,686784.95
UNITDSPR,EQ,1404.20,666171,927157845.90
UNIVCABLES,EQ,1203.50,99783,120989306.70
UNOMINDA,EQ,1130.90,841095,955998548.90
UDS,EQ,196.15,212697,42034567.90
UPL,EQ,608.85,725603,443336712.55
URBANCO,EQ,130.88,967492,127007998.99
URJA,EQ,9.13,593377,5413935.04
UMESLTD,EQ,5.62,3350,18630.08
USHAMART,EQ,496.75,219776,109220563.10
UTIAMC,EQ,909.55,199853,182995916.45
LIQUIDBETA,EQ,1001.06,8,8008.36
BANKBETA,EQ,59.13,78716,4658479.00
GILT10BETA,EQ,26.79,374,10020.92
GILT5BETA,EQ,66.58,4568,299114.48
ITBETA,EQ,300.07,477,144147.73
MIDCAPBETA,EQ,231.23,4709,1095367.50
NEXT50BETA,EQ,77.99,166791,13022425.87
NIFTYBETA,EQ,266.11,137024,36424354.22
SENSEXBETA,EQ,849.89,1016,865468.27
SILVERBETA,EQ,215.38,449297,96994688.65
SNXT50BETA,EQ,93.57,761,71499.43
GOLDBETA,EQ,121.35,245517,29769889.10
UTKARSHBNK,EQ,14.45,4482615,65218941.60
UTTAMSUGAR,EQ,233.01,44668,10464484.99
VGUARD,EQ,294.90,148514,44095353.95
V2RETAIL,EQ,221.36,639248,142079046.00
WABAG,EQ,2072.80,350637,728318728.90
VADILALIND,EQ,6762.00,7711,52192797.50
VAIBHAVGBL,EQ,258.14,1085069,287437532.06
VAKRANGEE,EQ,5.81,886144,5147294.97
VHL,EQ,3510.90,523,1834967.30
VARDMNPOLY,EQ,6.03,106640,647792.82
VSSL,EQ,303.30,1647562,519239111.80
VTL,EQ,626.55,174162,108912523.60
VARROC,EQ,649.15,40616,26440458.65
VBL,EQ,458.25,7951021,3634893145.75
VGL,EQ,61.93,17026,1057069.37
VASWANI,EQ,52.69,12068,637556.75
VCL,EQ,1.02,672950,687734.55
MANYAVAR,EQ,407.75,131647,54017836.40
VAML,EQ,431.20,10543740,4544555464.50
VISL,EQ,31.40,31275418,985059402.19
VEDL,EQ,262.30,6972972,1831675084.55
VOGL,EQ,33.28,35708551,1197693754.37
VEDPOWER,EQ,35.38,28104044,1010667114.25
VEEDOL,EQ,1390.00,5219,7261890.00
VENKEYS,EQ,1500.90,21648,32610439.50
VENTIVE,EQ,615.25,7053,4346859.10
VENUSPIPES,EQ,1700.40,88341,149697000.40
VERANDA,EQ,232.93,96226,22628725.75
VESUVIUS,EQ,462.00,40268,18631671.80
VSTL,EQ,111.10,6509,724420.16
VIDHIING,EQ,301.95,11337,3455829.90
VIDYAWIRES,EQ,90.34,559643,50672583.51
VIJAYA,EQ,1313.10,165232,216871219.40
VIKASECO,EQ,1.11,1690297,1893401.68
VIKASLIFE,EQ,1.30,1180580,1549061.90
VIKRAMSOLR,EQ,185.37,1185002,219639736.96
VIKRAN,EQ,70.32,1225128,86319867.79
VIMTALABS,EQ,583.90,3492045,2111989900.40
VINATIORGA,EQ,1314.10,28493,37577979.00
VINDHYATEL,EQ,1892.10,33000,62491643.70
VINNY,EQ,1.07,1333755,1459600.88
VINCOFE,EQ,156.16,1451530,227269720.94
VINYLINDIA,EQ,244.20,3663,896291.70
VIPIND,EQ,292.95,111686,32834499.40
VIRINCHI,EQ,15.72,26582,418783.66
VOEPL,EQ,502.10,381710,197806595.50
VIVIDHA,EQ,0.52,329145,172560.76
VISAKAIND,EQ,79.97,343455,28113447.73
VMM,EQ,112.02,9035914,1009717229.77
VISHNU,EQ,631.70,193966,123218197.50
VISHWARAJ,EQ,5.27,118299,625119.50
VIYASH,EQ,256.75,1233855,318276475.90
VLSFINANCE,EQ,256.35,29324,7497938.30
VMART,EQ,768.85,42239,32592904.35
IDEA,EQ,13.54,356889740,4798777518.15
VOLTAMP,EQ,9399.00,10327,97497187.00
VOLTAS,EQ,1308.00,730962,963355773.50
VRAJ,EQ,131.43,19353,2569842.16
VRLLOG,EQ,243.04,456059,110916489.41
VSTIND,EQ,232.20,168073,38934160.35
VSTTILLERS,EQ,4441.90,6042,26846924.70
WPIL,EQ,454.60,12653,5703340.25
WSI,EQ,60.93,39051,2400615.39
WAAREEENER,EQ,2697.20,1137312,3065406825.20
WAAREERTL,EQ,1019.20,362181,367479436.70
WAKEFIT,EQ,138.86,31058547,4259273965.95
WALCHANNAG,EQ,246.50,516146,126946398.90
WANBURY,EQ,330.65,586337,193683200.30
CORDELIA,EQ,912.60,672518,609868248.90
TWCGOLDETF,EQ,143.81,2036,292828.89
WEALTH,EQ,957.10,860,822782.10
WEBELSOLAR,EQ,100.83,1157378,116820116.12
WEIZMANIND,EQ,78.10,1525,119144.71
WELCORP,EQ,1611.80,340689,549358830.20
WELENT,EQ,605.05,311834,190069792.60
WELSPUNLIV,EQ,164.99,1180754,194340731.29
WELSPLSOL,EQ,53.34,1055116,57124106.03
WENDT,EQ,7511.00,3664,27584775.50
WSTCSTPAPR,EQ,549.00,706848,381799907.25
WCIL,EQ,90.34,80140,7303896.14
WESTLIFE,EQ,500.70,442088,218221282.00
WEWORK,EQ,715.15,363370,259243521.00
WHEELS,EQ,1419.50,87205,125796817.50
WHIRLPOOL,EQ,757.40,423161,320783455.55
WILLAMAGOR,EQ,25.51,28,712.06
WINDLAS,EQ,869.90,35790,31193398.05
WINDMACHIN,EQ,298.00,23353,6904260.10
WIPRO,EQ,174.44,5057035,881311056.24
WOCKPHARMA,EQ,1861.50,801530,1485796043.90
WEL,EQ,101.55,21062,2142250.30
WONDERLA,EQ,471.70,31623,14871172.35
WORTHPERI,EQ,141.08,6872,979015.01
XCHANGING,EQ,64.09,82108,5259887.76
XELPMOC,EQ,80.12,5297,428392.77
XPROINDIA,EQ,1352.20,19517,26451845.50
XTGLOBAL,EQ,28.34,31817,896821.50
YASHO,EQ,3218.20,21841,69595510.20
YATHARTH,EQ,851.30,161252,137492810.10
YATRA,EQ,105.15,1003188,105866472.09
YESBANK,EQ,23.24,167363949,3918939736.26
YUKEN,EQ,717.15,3964,2840813.60
ZFSTEERING,EQ,661.50,2301,1525213.65
ZAGGLE,EQ,203.35,479808,98028782.11
ZEEL,EQ,105.39,11839197,1257297585.09
ZEEMEDIA,EQ,7.89,909603,7219509.88
ZENTEC,EQ,1814.70,243520,441240973.20
ZENITHEXPO,EQ,198.80,24,4771.20
ZENITHSTL,EQ,5.86,433846,2512675.03
ZENSARTECH,EQ,497.45,1317296,659254658.70
GOLDCASE,EQ,22.70,6983047,158312238.44
LIQUIDCASE,EQ,115.11,14598702,1680478178.50
LTGILTCASE,EQ,30.48,81805,2492812.84
MID150CASE,EQ,11.54,964350,11145508.97
NIFTYCASE,EQ,9.63,845909,8145167.15
SILVERCASE,EQ,22.58,7602867,172130721.84
SML100CASE,EQ,10.87,1248701,13608202.55
TOP100CASE,EQ,10.53,704385,7424208.41
ZFCVINDIA,EQ,2367.20,79706,189804606.50
ZODIACLOTH,EQ,76.51,1719,132660.45
ZOTA,EQ,1277.40,80306,103349855.40
ZUARI,EQ,227.24,49597,11282941.90
ZUARIIND,EQ,260.90,23477,6095723.00
ZYDUSLIFE,EQ,1126.30,1619112,1816164547.50
ZYDUSWELL,EQ,571.80,229506,132439798.05
